# n=13 N=1155 max_inner=0.813491879405148
-0.03313727398321429 0.0055380073929386991 -0.061099102721200803 0.32887832878266166 -0.29806255740202653 0.19849078080140703 -0.13014549720104379 -0.3539963088639646 0.06049095567408351 -0.36260060959737295 -0.58016222968773412 -0.22499604361478767 0.30681637918200649 
0.16454671676151061 0.085640230176508111 -0.16380106513468598 -0.045977786008395104 -0.49578062326013839 0.33082662711658511 0.23935459340414447 -0.48809212580776101 0.18753722833829681 0.02559093359343554 -0.48084192277839327 0.056832761687956035 -0.1249485076612937 
0.10558598273475685 -0.079578155607314516 -0.19937649473425986 -0.0060244441683854674 -0.39790631950348931 -0.25727579119125943 0.077132861843489733 -0.45837285437613229 -0.020428588704831805 0.14701465538933953 0.30455637119722301 -0.07737839478681964 0.61756261029040704 
0.076466815386961248 -0.10666708779941492 0.26170172306893846 0.30856545824589887 0.25703879537811442 0.17223721442319567 -0.06816581442292946 0.66955735066122712 -0.33784914554778644 -0.0327908859443845 0.044373838864575667 -0.042075153958484976 -0.38913963650404726 
0.20763870514635388 -0.13997249558337191 0.37292354951111084 0.33639364920361281 -0.1938786444957909 0.26872212515793104 0.048913185892257162 -0.39292201565746226 0.037112854089419237 0.14427260375939632 0.62518149487645924 0.017159076349282987 0.071709166402505478 
0.29953910575978721 0.34696156271122786 -0.27077298357922458 -0.0541747957531813 -0.17880472187108443 -0.13631927953949943 0.14836803985971542 0.26743687724352044 0.53888865308373168 0.2412126746367213 -0.222427773372572 0.3907031540701541 0.13727288186501305 
-0.025805849703921892 -0.28824989011038094 0.33568582446431561 -0.16718994761053457 0.5358922159314643 0.009859989000168096 0.27504354757624422 0.14321652643976363 0.17021298550555836 0.42290188323840616 0.37818227072301847 -0.13840806664668184 -0.148909061419709 
0.12749611853712017 -0.42324958417616182 -0.62159849982935567 -0.34132187848002732 -0.18144591689311226 -0.10698687813118662 0.34429133160025666 0.07218577946590779 -0.027388632583003007 0.1353767616683631 0.19055526635029565 0.17324031355036346 0.21955083316712029 
-0.043669902111891042 0.076077658811457755 -0.24066489024877655 0.13599963876510715 -0.2501681005810778 -0.344967557263063 0.14285267569942406 0.30369736998191227 -0.18040481504152345 -0.73323642121155996 -0.092920041881488002 -0.20575484987124992 -0.022654483567393711 
0.13361777153789822 -0.18807775401442317 0.20761853766890692 -0.17985344953317259 0.41083642273981646 0.080250685950254849 0.17394505819350223 -0.12203467742779733 -0.5303336620875283 -0.38510917497144259 0.43820542679330582 -0.047972514193993038 0.16448713169073911 
0.23758511804031784 0.13081616582846969 0.42766381584921154 -0.17555173800259991 0.23859724343993058 -0.29077631554999678 -0.36765759085054478 0.42025269043101504 -0.46280992312405511 -0.072302039135918719 0.045581359506138813 0.19176090602561527 -0.034514300445875605 
0.25456139317280002 -0.54806831339779272 -0.14216793121211446 -0.36305803304072565 -0.0031341050009756856 0.35925333605295912 0.099399787554907471 0.058511195031596665 0.30809565436211084 0.12147380722118073 -0.28618025806423242 -0.31843289445769662 0.21781331155216768 
-0.24641483800563987 -0.14460410128966872 0.098233526739784735 -0.15605008508815987 0.18040829116698412 -0.0075448406227260007 0.29037198066219189 -0.17365652057760256 0.32782680883236331 0.4766504240656888 -0.40085060222813035 0.48692782797023781 0.06960903622954584 
-0.17919995489256788 0.10895707976883641 -0.34381293320554401 0.23288975486170074 0.27737895100722204 -0.084670289748824429 0.3158889057813693 -0.014577473755400385 0.42287474258877011 -0.5240389155884978 0.30940829002206183 0.21076739561996349 -0.076603511991705384 
0.068147753084998944 -0.39466418623149746 -0.15583870108344319 -0.075200983744524177 0.47888911445743049 -0.10642910318143153 0.18961036993420713 0.066628988834362302 -0.38608502612439594 -0.21774099727769777 0.18832852789836071 0.10335228406890881 -0.5347706090643809 
0.097316412108388817 -0.10380493068947115 -0.022853597264177992 -0.18563357562219751 0.3478458268689586 0.46066311838313045 0.31800983486471673 -0.1686195820967272 0.13247461794389753 -0.11918106270096855 -0.015497842733920648 0.65704115679048702 0.13529589644564174 
0.15204393570884628 0.066727290993558661 0.099105048034501611 0.38222502133179864 -0.27464932463993846 -0.041750272669369398 0.12875635041409633 0.27625589173702725 0.10524836542715492 -0.22323297318285773 0.66885425611105176 0.34094073013991361 -0.14806993064406807 
0.13909888490014052 0.057933101678370021 -0.18323812801058478 0.40830532673823561 0.1676201983710594 -0.0088382175704280943 0.47886240829732191 0.43114274193466001 0.15298417227716829 0.44984003566937897 0.24534648816959609 0.21700384270401765 -0.024333267166057243 
-0.54646884323737333 -0.019707708267407257 0.22928162902118271 -0.20286229139978115 -0.052928424498410016 -0.15045964361412739 -0.48924631419448683 -0.018704221749620893 0.30718065864971827 0.37195697536938171 0.04805549044231016 -0.19002214271947038 0.26641924691506413 
0.20977233903675452 0.022921179312282106 -0.34774376387784051 -0.24234001159776833 -0.38743687029865331 0.096846816436320773 0.4071571389470422 0.23845318273096744 -0.21307472499654609 -0.26373758805608921 -0.40963243665898363 0.22916762736771781 0.24169691748880828 
-0.26418911835580672 -0.33015140028193934 0.17223137289549406 0.39012226742265327 -0.12216430162101255 -0.17242687842864518 -0.55768806569603535 -0.3022930818437638 -0.18273033160800886 -0.26563230014513101 -0.2806788962348753 0.096110651224895566 -0.018003035848085065 
0.49256529857303921 -0.21865508282097984 -0.12401773684918581 0.16712299327185071 0.12662430366058444 0.3168528576505597 0.38291076454045103 -0.13392976196067985 0.23233971235223605 0.27910878187338661 -0.39684252558740046 -0.04373761724145335 -0.30657981296051384 
0.32583186026312355 -0.36197551584554999 -0.080852020039264949 -0.015834468732148103 -0.47372388798649107 0.46410900706030278 0.13220421829634613 0.085759599258593222 0.24008903322650713 -0.18671996341345026 0.25040194098416535 0.16785911411868945 -0.32861905861251212 
0.0408489042321468 0.52871638957063738 -0.15472037822861068 0.64375090932172985 -0.31007213247364479 0.1936085962499153 0.16578238356343078 -0.002660310479350619 -0.052217101204692799 -0.018879398483681527 -0.097594214227567408 0.32412790871465885 -0.040623105450812172 
-0.077068052129235023 -0.10913706422270647 0.17351985959598004 0.16442948421280323 0.1158468740617758 -0.075368724790304792 -0.077052364686580999 0.12658046303972348 -0.084291042487286055 -0.054545026388636828 0.052573165257070724 -0.89651913678692019 0.2595229394291933 
0.34799258026614011 0.3214260633115178 -0.45550043313510341 0.34015403230201224 -0.060383504060321516 -0.20824034350528545 0.020052451436695849 -0.36001444081421574 0.10350271038577626 -0.45774227201077738 0.049426841928716624 -0.051971052201354041 -0.22359233301757198 
-0.072291713376917727 0.53327835391425282 -0.60077976036755076 -0.29906403524943209 0.20837308876038763 -0.25468828713643238 0.18503244982085781 0.10349873364031184 -0.019238401084352947 0.22242452222168621 0.11685106276136835 -0.2080147083003025 -0.0033091994695757742 
0.091616798281256656 -0.10649803486414702 0.066177351299000112 -0.21934039510138015 0.21376365937142094 0.035253089686949193 -0.19128657460605247 -0.18858650074184496 -0.37484623731322292 -0.038858625209212246 0.040758853912096459 0.80362823790898719 0.13850073100787438 
-0.12082604642691144 0.47085945123083761 -0.27040634392085627 -0.23992057421336913 -0.076357774876675208 0.56072254976471092 -0.4041075947429722 0.0066949237685043923 -0.2047303101792072 -0.092173993889980488 -0.29055579013581545 -0.048321004262625457 -0.11070131664007328 
0.03594808891526842 0.37039791742763256 -0.57158803067108388 0.16258935602641694 0.2670532279092776 0.15965707317612726 -0.27151061566643431 -0.16524899405294263 0.26606107308447013 -0.080684637140321605 0.11741336137007841 -0.44217465786275534 -0.15469020459124685 
0.029908234541310565 0.44687193452700469 -0.28085074190448267 0.03181710965968286 -0.14575123662218359 -0.33578517415991443 0.1552488057609876 0.025337483008071843 -0.033637458895360142 -0.14419982029812914 0.60277556151793621 0.20604395223445146 0.36478029471836498 
-0.15407791894521944 0.12387112950219084 -0.11285157164064206 0.33786521711422735 -0.27524026825844466 0.39674097190495933 -0.05027200917479583 0.38329375827610462 -0.24601147186238975 -0.515179667319834 -0.087783351200206902 0.037561130513754336 -0.3411408546801547 
-0.28747944053876084 0.3204340856744361 0.26478406571161273 -0.096459918982624362 0.0059044445402886055 -0.062310511799028849 -0.30550605182369261 -0.235272614683045 -0.070328970249857903 -0.47631149429853015 0.47221964314510789 0.26614187156756292 0.2387805404195186 
0.41055108134772927 0.49761064378891462 0.0015490314861785078 0.27024017332144457 -0.21833005347309378 -0.077596281629104646 -0.27480087334343645 0.14596344816159684 0.23212312519341091 -0.17557365194813651 0.12549917274751954 -0.087766874641131851 0.50212443029843845 
0.093190307938533765 0.21073316230360695 0.10576055368066631 0.34565347330793589 -0.043902749509540533 -0.10164141246834625 -0.21252259018181902 -0.48698932404690148 0.56133465352462375 -0.16422433582587012 -0.11151306780844558 -0.29584972399476345 -0.28219523749696784 
0.214911814120225 -0.32284189147398995 0.056620132360532469 0.221623983830083 -0.018965171684446454 -0.14010607986570273 0.15411249490783038 -0.0093321624045258917 0.21880352875508977 0.55706755048778389 0.053572861400711394 -0.60480295624850011 -0.16303357507541041 
0.23863963202434207 0.082747568103346825 0.030625247799075307 -0.068981696853841257 0.37775884262888204 -0.35640055473369531 -0.31095248766424921 -0.31517211130557321 0.22413611109839063 -0.31507346490093702 -0.45303118974202372 -0.33163040226130891 0.0059422724962350827 
-0.26168916144801885 0.12218955531154972 -0.29172771045548312 -0.17308981522221134 0.065136083837322667 -0.41085401732620469 -0.42260740800850666 0.13577720472596944 -0.060478514519681364 0.25162584543753413 -0.01809100381640856 -0.58303516998547145 -0.15561696535017211 
-0.35453811522374162 0.042335942887392709 0.41603657563158125 -0.27330788400424882 0.055785858572557794 -0.407147892154685 0.12180648523893706 0.029169466020804533 -0.48020363883804007 0.12536728979309705 0.033382540610419259 -0.43899096857228287 -0.0042022333846110848 
-0.29230207988565104 -0.12422331206279562 0.086118386542994252 0.4731907425824281 -0.061455645961039411 -0.37731513275472189 -0.3880094377484713 -0.21309479931699282 0.41244679815183244 0.31324415874134715 -0.22307452386604112 0.037344890677049235 -0.079415590504274186 
-0.064702242898195469 -0.21480981501257168 -0.42854927322897957 0.30027006813451296 -0.055736721292573628 -0.039848020260737527 -0.046248800732424898 -0.080056294192304922 -0.063236833250452859 0.12428247049365147 0.75730784920228889 -0.21658051148819604 0.15081125666223053 
0.33792007828165771 -0.073899257890878367 0.43665555688502034 0.21098325670082294 -0.001209141241104986 -0.23569064355488045 0.21448371481225517 -0.34085411910643865 -0.35174394626536104 -0.19609961148604707 0.11896615555663374 0.37006023090900325 0.33786712250474976 
0.13820373395521676 -0.32066945181385464 -0.080499137528504558 0.45993024040918057 -0.49654036259363016 -0.45357374798994138 -0.228228079123349 0.13224105914858744 -0.32187655084575029 0.1092551086411075 0.019708617177695953 -0.14746621848174632 0.022841959205099769 
0.1581583493522771 -0.39687448233110606 -0.40749308772177345 0.26869488015023368 0.098500478277654555 0.028437726888215709 -0.092241194517878378 0.59554978471442599 0.005566567564368287 -0.053905590357194284 0.36197222546743624 0.20962622842001569 -0.16621115208063353 
0.75599217181240708 -0.18102705597971225 -0.003509386516221348 0.1259557169042462 -0.29426792278016212 0.16174129739103874 -0.24328286180112652 -0.054251848287027692 -0.18393945008837939 -0.19312570054069356 -0.30648602259290803 -0.10093484753477658 0.17231200828573903 
-0.29013922400553682 0.30191798804029052 -0.33785741861716828 -0.17249924077600604 0.45925310391240759 -0.20274653159873995 0.013844553913996872 -0.33846345792226251 -0.11462151052875613 -0.27700321176570486 0.37828139103030711 0.23183230356136342 -0.16516804920788544 
0.14653499632672615 -0.32323808111303576 -0.0080948780875594161 0.19298559353140657 0.51518575431999891 -0.23393699355282022 0.10993653043889169 0.50265415367683974 0.34326679427288892 0.19904074228708465 -0.18783839901604682 0.21473620333718763 -0.11402343512842382 
0.31286377079406713 -0.0081455337971967096 0.25133803001605265 -0.38303882616324919 -0.18102458804776925 0.58122341157152435 -0.22921797663973953 0.43744818517403344 -0.020780784797075347 -0.261061906355536 -0.046110663322680961 -0.050052781633376058 -0.06671864935056189 
-0.30879931108611974 0.35845324987908833 0.0049870185655410959 -0.18737317104289916 -0.24893320501304012 -0.12976180030451978 0.47268653975542457 0.27472075714011174 0.12803564497812076 -0.43120927804044668 0.14223627648398571 0.050982556251578964 -0.37167970842377834 
-0.37745281249479329 -0.028649547399182459 0.10585891417444901 -0.032699447263190254 -0.5562699009176183 -0.031208348195109457 0.08204243741226816 -0.50556835440617698 -0.3402286268268952 0.1239132373413479 0.087775032752148693 0.18925602848707496 -0.31154521090899728 
-0.12899887682376734 0.50011415110707402 -0.26677843835307075 -0.046342671538640232 0.33301591449273871 -0.1407156579973953 0.3794183792142154 0.15331868753670033 -0.4010124414939632 -0.017141036733243454 -0.095312102714902688 0.40212259297341435 0.17282810837298446 
-0.21144983387269722 0.32116288329929005 0.1029562470216154 -0.23298019120070887 -0.18644293539337792 -0.30668939393550365 -0.018591687166065112 -0.22650318625730242 -0.61666574727616452 0.16899355188970905 0.29980117068351197 0.14701648763454581 0.2940490794116018 
-0.30527837017743081 -0.12757646174553408 0.43168496160889613 0.14418409292357257 0.059870864828122018 0.15879453210190159 0.024130673714004382 -0.11059590887640867 0.71649687102056403 0.11663850097814757 0.22969330736068394 -0.24868429837826789 -0.014115035428420753 
-0.09357864452096544 -0.32142230612142209 -0.051705140973188353 0.0067076828997481974 -0.28869006182807594 0.33169868696701771 -0.002658451624613865 -0.33545725508762891 0.43091385012523753 -0.063068817911176842 0.075887083312786999 -0.61064029717350143 -0.1048945744355877 
0.12197085030878857 0.58927467790088073 0.24307569932954129 -0.19601184878555955 -0.045488678546643874 -0.1886076610887408 0.11857756258674219 -0.32399048695763744 0.58967601862048402 -0.10264765533017782 -0.076363880457601466 0.086017930656148808 -0.11051971223154376 
0.24121533888511298 0.087561322208066186 -0.23109735492059333 0.27213728213284422 0.70891865786836827 -0.31394301301501032 0.15986151243973346 -0.22173789570668706 -0.21331087362719892 -0.22259779261591006 0.17407851901586316 -0.035807681328131731 -0.064787221001223416 
-0.11884010206380387 0.10226977281828092 0.2065255057910825 0.006158161220904762 0.14612351764628717 0.38525762499498306 0.13604173999671676 -0.60568049520957912 -0.56088559941806204 0.046644286190669085 0.12506422531937636 0.20320487346914762 -0.062400743323923605 
-0.19615067175341916 -0.25222427327511254 0.083509485161237018 0.042710547042388844 0.37023070978836081 -0.05087730584524959 -0.44518495746076409 -0.33478346042087981 -0.16348284139461514 0.18989058580170734 0.040408584460395441 0.41182222955144621 -0.45295191588334621 
-0.094509166918250745 0.12229617049801546 -0.27765117530323391 -0.64291729844742929 -0.0078812506506389813 -0.2104801735282551 0.57232271644772892 0.014427434404580903 -0.25459330822894427 0.017928531120023804 -0.054374380472331403 0.10521761765730323 -0.18543697294097963 
-0.57632560781315456 -0.15537743780573213 -0.083424296234624384 -0.060837091209766575 -0.11826279603847198 0.056680821522091106 -0.57646182685693714 0.22859400832094567 -0.18383019064533906 -0.22811157997507167 -0.20100487437962297 -0.23113469547433704 -0.22722011117873769 
0.2553121073936277 0.67625503710248602 -0.17140133758328924 0.094728888276370091 -0.33401290640452053 -0.058935273219719947 -0.074677442871682806 0.37952336678651782 0.095817404291713593 -0.27276065328857935 0.1066197361897106 0.031043198584475056 -0.28032013851324333 
-0.2742028326140345 0.054566626735155124 0.025129050431365717 0.20018559399122857 -0.26927425797172672 -0.21998706894052708 -0.065046867385857479 -0.3121857648854402 -0.078966668763398362 -0.47109996598691212 -0.36104254310512929 -0.27574288214600734 -0.47326398303740563 
0.40046967914487047 -0.12156599981699386 -0.12511704709027488 0.15916402782333258 0.098574261114056663 0.74012367311134575 -0.076563874377222438 0.16387984731088601 0.026632865726892573 -0.14265465085546278 -0.39483508182571431 0.032460692857639029 -0.12502645924612338 
0.44045797216918769 -0.59868373748652159 0.068930749332889341 0.080645260247118933 -0.0045438162586261951 -0.25328968251596967 -0.42383983630981603 0.091909821600367855 0.030509687857851353 0.40281815071037497 0.062764008515850137 -0.055506284084414027 0.11765180576656893 
-0.42516471058377925 -0.17115495010914167 0.20511686899209833 -0.45197485007506727 -0.081129107653375804 0.23229359874141844 0.4800151415195183 -0.22342161708510744 -0.29454014562720188 -0.05295584140602453 0.22648756379234497 -0.23933215644424027 -0.067661196428177084 
-0.066644699673064384 -0.042940381416068034 -0.078977531832427339 0.34744067369720483 -0.31437508517520607 0.15174524380282675 0.52912740757619559 -0.26307199291537742 0.087199448472573229 -0.48093659485911322 -0.084031910502943896 0.2088497573069745 -0.32578796797425186 
0.39798888032941659 -0.03266959904305905 -0.1844497701137025 -0.52907895579376152 0.28889161150167592 0.49242644889077081 -0.092368404771606474 0.10625331448271871 -0.13850931393824539 0.27278554666342952 0.13727061758448619 -0.26139700848465031 0.0076828678892385607 
0.18334046023214595 -0.30305887579186408 0.57364261844783926 0.20902476576523554 -0.31333564292010851 0.019963359681960724 0.13542133430521003 0.023997286957064073 -0.1683641843566305 0.47055800510610502 0.11912835871191582 0.31642479060583023 0.14214172476662176 
-0.093886467497458354 -0.12427727854313396 0.44784354008131555 0.46551795551325109 0.31520268104241539 0.13899762204033661 -0.043516974409379836 0.11012612167528094 -0.27554496575199644 0.19424606035825628 0.011148155223421401 0.059160587904210013 0.555422641339682 
0.022243809011335797 -0.26248243326882009 -0.054758529129888822 -0.36777769194615112 0.55819740770164006 0.40709463916900457 -0.32951660808622135 0.0049256699200947605 0.075000809919150507 -0.10897773452150113 -0.048833540835579364 -0.35499624456300211 -0.24601848115967667 
-0.0033996797471763556 -0.00021705027792747497 -0.18754418381201238 0.40908235091627926 -0.38470327065376186 -0.054213674711657396 -0.29494108171388178 0.23477263266936008 0.20766407613322876 0.0059181321645179214 0.10756893820869735 0.18938572340131579 -0.64329279736619127 
-0.3077581509821597 -0.30654014122311357 0.26249910412346916 0.045293881276707332 -0.046102507741765851 0.072640590401840302 0.6881569709910027 -0.15288217197249002 0.30249594853097755 -0.26647576308243714 -0.0020808992182532165 -0.16634393976115339 0.2140978923923271 
0.20463796480479518 -0.14714784281223622 0.52601287179915568 0.013283958173648913 0.027092268323310398 0.18031129600696622 0.37399403095729938 -0.049973947930596695 0.3063606204670995 -0.015888782174446472 -0.11810960574666778 -0.5282886613432991 -0.31119391686459386 
0.25368917541676078 -0.22013896284132439 0.019067839456382941 -0.27474384611256991 -0.43021084483431871 -0.27214704526921646 -0.32524158103903567 -0.050325720375965707 -0.26510328170085468 0.183513587184157 0.53068223076736853 -0.23381947152585172 0.060171126303852192 
0.1747274143470621 -0.042080294844939137 -0.69274898350088332 -0.39689354047698294 -0.15894051068377266 0.20462885388416308 -0.19946545645202698 0.3699608088770665 0.23982764465966572 -0.0024475296902771579 -0.024709862775584752 -0.16611050024859053 0.027474633586731512 
0.19894712410660453 -0.098370334920745178 -0.62760256102798362 -0.01213057716232885 -0.29100222275661991 -0.11319980141521631 -0.38067867896509588 0.19260904078562296 -0.398326496249225 -0.034573410981627521 0.20116961237733033 0.045854501061760249 -0.27343927851106853 
0.49054105167771267 0.21018718142873177 -0.15020423810259453 -0.15679344886043231 -0.098065198265108164 0.0066906405275582084 -0.21602611648411385 -0.068873469992876413 -0.71880390024747864 0.075932600329676497 -0.04925122314480334 0.27752605414791154 0.071286327321198037 
-0.25037027611080837 0.16825072279242986 -0.27683596108817438 -0.39518225003442403 0.25083937436066439 0.095773627040541598 -0.49339727778480952 -0.46203310532245184 0.30792151780763932 -0.079840340711252303 -0.20728138117982703 -0.01532908667237304 -0.052916183769671943 
-0.059941024647413875 0.1157372375003904 -0.029082075992305501 0.53505119761689968 -0.31107526490638432 -0.099182254655180213 0.17812422334181108 0.24569352095695685 -0.10147416725994761 0.4774671910957059 -0.19103929508213124 -0.2040412154723982 -0.42519074999043555 
0.48830629493684391 0.18215669906468698 -0.15308852697470315 -0.054262363160246789 0.30112358167162262 -0.63130975006583057 0.28855094909773843 0.036525517359349308 -0.011811619880083845 0.30131050616050642 0.051920259855344292 -0.05123586658235782 -0.17867249273070823 
-0.5098032838390224 0.4810848105875225 0.12039701964976046 0.076905079629396661 0.15460708343789062 -0.090637296797563952 0.39739401441586986 -0.068894420378131427 0.42023854300181213 -0.17606128962186476 -0.22017754109385063 0.16916120478886296 0.093646121048736194 
0.04890228955964053 0.012378615942074152 0.48364904741858844 0.26822961904423326 -0.11257513999985483 -0.1166088794805725 -0.34608249329241014 0.51866206139033844 0.1998182133152461 0.25058460509625768 -0.23891881768760442 -0.29680695421975628 0.16923668376152173 
-0.27103802221531365 0.026133832521796203 -0.55479369359433883 0.26843006388633528 0.081273114096623536 -0.070945743471818326 0.015187779791427504 0.5782521144657371 0.36229086038797492 0.05751038710437497 -0.033178818507254557 0.10029381899042407 0.23246092415644043 
0.12980665901232658 -0.39650190328644658 -0.027431949729009988 -0.024566416960401787 0.014468133945010439 0.66895471529492212 -0.0048741555771838925 -0.23424457788900344 -0.33536387764972447 0.16738905224144113 -0.1070415060217549 -0.3975595154088265 -0.10943928012314963 
0.029619572347891889 0.29222536023243456 0.12187460955662226 -0.090773479834799525 0.17233278965847604 -0.4097481541559751 0.15394822322300478 0.22189638328997618 0.0020620447534415412 0.3607067494637311 0.47014948394119233 -0.49954407078687912 0.13930235838961372 
0.097190943241826352 -0.28254446319249737 0.48011652799076598 -0.13615026615717943 -0.33785249540042089 -0.21046775268943593 0.062722470905793887 -0.16156435313472434 -0.083143705682899971 0.028697800166560886 0.34590200177357022 -0.15484533468614473 -0.56730408713628533 
-0.12310316531991643 0.18389013423287784 0.16504258461842833 0.45652072819083545 0.47625394651267777 0.046985170575780853 -0.0027414868415305137 0.007185519561687225 -0.499589504939353 -0.15027196259988745 0.046370443647855739 0.25675019111058411 -0.38216882274933206 
-0.45387641075153873 -0.0049192795362437486 -0.04268323904164141 0.17190997692295637 -0.26475722874678692 -0.071390234772801014 0.27781678410410754 0.44275298179197881 0.21326327334854508 0.33770411675004697 0.083998530717975306 0.4668761650758208 -0.17215510527784902 
0.28297061174107124 -0.34029108871539232 0.19811811897388543 -0.45821120609892435 -0.40147247546390702 0.21813741035580297 -0.43594526302404862 -0.037613362939042355 0.32920358010049444 0.1192860595694295 0.11059529143644196 -0.12572049451412559 -0.06366373541882972 
-0.34432647209212752 0.067934096346267334 -0.017859327903334877 -0.091150404138524654 0.40031477076686439 0.24352607903558257 0.35615746891677397 0.3815432880816752 -0.22919763616619632 -0.30275560535111201 0.38907562454478367 0.24413021801606311 -0.14506784355364555 
-0.11091056922452749 0.55193249348600615 0.18483034126614725 0.18015066249598935 -0.16131717448025906 0.18760653620068121 -0.29808994543050227 0.077419246132706121 0.56622601212679158 0.12801244749719884 -0.086260598318332257 -0.29481781608702201 0.17036588433277403 
-0.34903827510182311 -0.18896914079892438 -0.10320386485028485 -0.4541654954535117 -0.24938877043259036 -0.60480398890718046 -0.15490742156971143 0.07197777657890958 0.22456304234064642 -0.33575425150206883 0.045504190729270637 0.052707505338222778 0.01943419884247264 
0.19587636705146394 0.1721521138382523 -0.32762892893269074 0.11888227872818924 -0.12978754872864212 -0.21784595860956671 -0.32537780620780521 -0.27262766946333206 -0.35627685178577201 0.58049193054745696 0.27713792501403939 -0.15475417682869316 -0.036956644454299609 
-0.48451287123665648 0.0065521923167640595 0.35899637879038171 -0.11776758349043678 0.18042771312225722 -0.33602961912439766 -0.26079498939615608 0.023171390089637339 -0.12970557528575166 -0.48042578424484178 0.0026990805726323183 0.19973814604062701 -0.34770771608445011 
-0.074073481584224152 0.1398543808606853 0.26828678364746472 0.28131157177467936 0.31672575430954875 -0.068867829632719146 0.13268761985125718 0.11981621880933883 -0.3036086074920788 0.032225748446675008 -0.55019358107223804 0.47314354875513959 0.25889279797835818 
0.41987219714308216 -0.23366091493105401 -0.56629218543338644 0.2793399751949221 0.12261872360076054 -0.071830375849113268 -0.12054438567173535 0.18334492163016453 -0.076707137993638597 0.094397446570832794 0.053627651023809786 -0.53084670489600128 -0.050813171587780974 
-0.18114688723993791 -0.37060499332052388 0.1759331528487168 0.21184184756977786 0.17701406321112959 0.12657053755774278 0.039664050164459952 0.24987283161625681 0.17600743262761284 -0.48960513483463014 0.11493681058056682 0.32933570793486888 -0.50028019125742884 
-0.048255070290326101 -0.11972369615809862 0.23560573989409039 0.31820304238059738 -0.25182154968161674 -0.055643240202642698 0.1743223094738249 0.038697342676520488 -0.7863304058535876 -0.014682403728818292 0.18182647856800047 0.014197896651026063 -0.27637818332227393 
0.23797918850604896 0.18601557348102293 -0.22472306597738853 0.70385258734066236 0.24239811365300601 0.18699146086471091 -0.24495260071356217 0.2648747036372352 -0.20723947662055686 0.30401468881989019 0.05225617089660782 -0.01700694420723086 0.024064055637825727 
0.26400057318451897 0.15917795920451389 0.072442654375813556 0.63379257918274545 -0.046293550665219181 -0.24409941625654144 0.13060954765109223 -0.0766738829269661 -0.24446511904327892 0.14846268161247803 0.36360735953546014 -0.14697853133012981 0.42159504753990978 
0.053728743309310198 -0.4901166171832107 -0.120144094806461 0.024033126720145993 -0.0854018993308681 -0.079134570809755569 0.058345040878610498 -0.42672698907099965 -0.43847680918463022 -0.1298813829010913 0.28738212640273597 0.47601746728337285 -0.15658446842364793 
0.15486399263884276 -0.42334603133349819 0.049468608166136012 0.1015999115813051 0.34489271991703169 -0.50993242011861184 0.038859247777429225 -0.39793596249181351 -0.41453503436649186 0.12823438718638885 -0.088223589382414189 0.13471948325388802 0.17596695690667288 
0.036768528141671197 0.14399264280996743 -0.30796273077615594 -0.2585422563803112 -0.050399325020166579 -0.087053765175811176 0.62301684581238714 -0.23217282552978813 -0.27956071863145471 -0.0034979001892025303 0.19674833588583246 -0.32923335780801105 0.3725391911254981 
0.057916015236422376 -0.28430943724802094 -0.15374231923317991 0.026677668005671184 -0.31978722106501617 0.39055659765512862 0.44468269894984552 0.013268711011600312 0.13305620816957101 0.05998347146970448 0.15994954084333812 -0.13478729481508001 0.61130594171019104 
-0.034683552703276693 0.61079767361154702 -0.44914990653953824 0.36235134220212462 -0.041480310741041089 -0.23346240184160216 -0.17158126817831859 0.1750284249917842 -0.17648548493364932 -0.029987452291805099 -0.117143462075967 -0.23937888028924906 -0.27077207430224304 
-0.12152880057645314 0.37777715019935343 -0.23539725907410977 -0.3105649857310081 -0.09892972067921485 0.32584431394103686 0.24802245285116348 0.41987891093437318 0.42654733768950298 -0.097468278449450038 -0.23316770082143629 -0.19332452610798781 0.23171837703071418 
-0.026549820688730467 0.0089533573058084969 0.013245329629628745 0.31794865369455949 -0.69117932274800231 -0.26562169538577601 0.064409816712619306 -0.34876627686336992 0.18834325402467048 0.17432168941461548 -0.20671423749455717 -0.33640306209939053 -0.046030954164662782 
-0.29192802199487417 0.041149099685735269 0.37639903796912705 -0.14607986970918363 -0.34366704386035285 0.068213034256023625 0.23207466056200265 -0.087583491055448701 -0.23018693298510801 -0.038213014123968589 0.14971220875581179 0.64721387089636651 0.26463908950793652 
-0.099705291453262679 -0.28855645034773775 -0.23818812551114277 0.035656240159213523 -0.041136763659600915 0.14813945682169868 -0.30469157303239891 -0.47414218715806733 0.47067332253144417 0.36572301780865873 0.29551449372378064 -0.048890517753748912 0.24999595573810665 
-0.25565527492140477 -0.13907632662825425 0.10359882099887592 0.31203280472690054 -0.090602955971584742 -0.033958633139094793 0.38192369474206317 0.5086068809769223 0.39179724802951726 0.20348736116587751 0.10441625818298156 -0.40566146080703286 0.15138048416360228 
-0.64961946168432994 -0.20792118976861962 0.13012542455220133 -0.25560688301160073 0.26836251168073305 -0.16173487164306452 0.4266171458449633 0.1544565367516158 -0.023890385348459803 0.0025915682930907975 0.020068780217056284 0.31616544028152088 0.21798945737591502 
-0.27145703918701858 -0.2271274315203648 -0.24844194760659363 -0.40262790235612272 0.44782174067595004 0.31347539459702217 0.0007126235845123926 -0.18668902740594248 -0.038195369748398766 0.043429631134336261 0.53735870060382163 0.071478549750820825 0.14148698206829649 
0.44929394827739788 0.29152132849379553 -0.044754044483123943 0.38057405717792492 0.1423704976646735 -0.35738429402408989 -0.2068134302514005 0.17700070139617913 -0.1571005150276957 -0.41733444757588745 -0.16702333501136293 -0.20338907651972307 0.27587001702120412 
0.30965542922290507 0.29613278185934422 -0.19442051924680759 0.42290609359635051 -0.13969489310891831 -0.24111988878794682 -0.10730154303007645 -0.21076878519185455 0.06239091854811589 -0.031285490194624309 -0.62342474831671502 -0.069435259624272549 -0.26043874859810395 
0.065692632841524198 -0.19255906895708222 -0.44666088400342258 0.64720989002206386 -0.10585153007521955 -0.1509480805272565 -0.12603551631948037 -0.11788129164968338 -0.18420700967527148 0.023116940761149337 0.23264751970787628 0.42194749386860292 -0.099080294764974028 
0.29155655869137137 -0.14037177991457292 0.24496067174383523 -0.23426379335804257 -0.54538645172691458 -0.068410233747494484 -0.22873933245699457 -0.39828174659100984 -0.19088972654065617 -0.37882637129670282 0.15938833659762144 -0.10941639346799932 0.22361576627634489 
0.015783701390560657 -0.3717787927106142 0.38210060691428815 0.27514649807420716 -0.21459489587374986 0.40272815494149744 0.07739562225960997 -0.19594035401763016 0.38188743570245887 -0.16799243214184434 -0.38972309508931624 0.018868740308383036 -0.24678270411026984 
-0.14023834619752903 -0.078501974253274306 -0.065341840115577782 0.37933255118458403 -0.3820657712252723 -0.031956052512056042 0.39589042288322468 0.35811075036782181 -0.43724442651007728 0.35363240599913626 0.14075284359144857 0.02528520372095204 0.23947996774113281 
0.035178140891564881 -0.094598226659420845 0.092933582629886755 -0.11317618958530086 0.45364676164019169 0.0077199020819648072 -0.27274940087300775 -0.49645741869208898 -0.32558379290287892 -0.063630086854501597 0.39699945835864658 -0.22555951199723756 -0.35087281202370241 
-0.15707801538388164 0.31302263041594824 -0.48184130058077057 0.34170541616142747 0.29857652109601662 -0.14464335309314061 -0.0068459254830018261 -0.069800795956273365 -0.33845515446907498 0.38826529560641937 -0.28777420294978406 0.014071477897118139 0.25516115194681477 
-0.23458076709264594 -0.10783584699315403 0.68842338927748004 0.070453331722405574 0.21605237213712319 -0.34685453433568303 0.020310934166358482 -0.049000507329654337 -0.16710829905871485 -0.051853802396857399 -0.45314013815035575 -0.22055937548422236 -0.0074937536399805951 
-0.062193917146237683 -0.10039098043019841 -0.074604405141981578 -0.36479526983572774 0.23816616049420597 0.20215893685699127 0.38477387969725174 -0.17697953010470069 0.2339130355227233 -0.34077732334924921 0.44904972103712154 -0.041722517359193634 -0.44296410747741721 
-0.39430438381894234 0.20977058569389465 -0.17358179635194421 -0.30877840332176776 0.40553313133144603 0.019045710911914315 -0.12232310879217526 0.063501105962135693 -0.15550652855815525 -0.2911131509324914 -0.54331764765404378 -0.28971223720340578 -0.056338486611671471 
0.016308609107961936 -0.01700554021942598 0.18797449996200166 -0.38881083873391437 0.42696799695869508 -0.063853140792071814 -0.32271086345063144 0.2658449582779967 0.47015787070593584 0.40721854485754083 -0.20797582420015692 -0.071839867897882992 0.12826357993252874 
0.20111663670063201 0.31241066889215269 -0.0067094977523324871 -0.43519106147600739 0.013765352769058253 0.36812847219238704 0.34569707689374773 0.18142206983842712 -0.044055349058912202 -0.11427402454176246 0.24027352849488931 0.40098053060899913 -0.38842080376113969 
0.16984599267711881 -0.29285811037578524 -0.24667168121403832 0.27536274766000174 0.1637414047489785 -0.3845173777086861 0.058342947475940557 0.19244609247394701 -0.42317075307917357 0.52704317836084114 -0.16854166417187882 0.21975102085750609 -0.0081144057689407183 
0.099800109040648677 0.57799843980759302 0.028969287797744839 0.061275710994112713 0.20924286935587483 0.048669377471046125 -0.059956362854178255 -0.21036770816742109 0.13372865633710079 -0.22554314337573303 0.44587139830307299 -0.17891498058478159 -0.50773836520808946 
0.19193862791221714 -0.05873791153304854 0.12509788357107404 0.18889091872042893 -0.26365698344112404 -0.38065474139823846 -0.36855983927053371 -0.037580362718522789 -0.19528879714748384 0.13196185961620763 0.37705263588717342 0.46429193284711884 0.37872305124250577 
0.058653730829586352 0.35689686730337611 -0.17784310154026078 0.3834692328790657 -0.11482894100245117 -0.25513644197777563 0.049981893706926961 -0.15288693807234013 0.097431585932781742 0.48608658040036445 0.23486209195999844 0.37164231103776368 -0.38380120142332164 
-0.15888073012317946 0.082309983710251278 0.72638674655741942 0.27618376387455973 0.14256957026422631 -0.10780447833489087 -0.21454362126686055 -0.3217968931425978 -0.16082763552380366 -0.31299471009953939 0.078365156539026093 -0.16146579193778735 0.16276729638992862 
0.091166874264932848 -0.10308805132583476 0.13667622846591715 0.2371507885524238 -0.15327823631003099 -0.12995936257811799 -0.045939696450293908 -0.24129427739403744 -0.54437939732309371 0.021131530323946154 -0.41176047406005728 0.28710371077912639 -0.50660914970598925 
0.31063317879603169 0.11359388090857431 0.24195628356855867 -0.34492598547958842 -0.4317487878781831 0.18428150856186484 0.038448988533598003 0.10757515745123088 0.62371453509802111 -0.087481736402432009 -0.28133054960268539 -0.027555428122096735 -0.055589523532134616 
0.010079334453341705 0.23181097339221232 -0.38093467320095376 0.29373213638733664 -0.48169381269653472 0.25717408721510543 -0.06664303160282771 -0.19224555468819748 -0.51356396616239885 0.051552520228712088 -0.16904468494712976 -0.12447216975544896 -0.25442123126819061 
-0.13709681772796514 0.081640716322077131 0.21701450848355872 -0.16016040322285849 0.081324214726790245 0.28620083413625147 0.63779369003632802 -0.47440837275742131 0.16181296991205424 0.054446660691421518 -0.1607132659727277 0.10526356752621834 -0.33965705527859325 
-0.45885520722188466 0.2608511719100885 -0.1642352544336905 -0.23727827863451312 -0.49816145041714477 0.24238796264365206 -0.41933112707248327 -0.10993151595370879 0.11939757226307585 0.31965115846447045 0.0093370466402145531 -0.052580226558352879 0.15495022789573695 
0.029832676167273361 -0.40621117124363626 -0.0040504494054803301 0.28150899941636442 0.15307275220773789 0.16274000852963086 -0.07406469901786826 0.0049347295519391416 0.26176588519094568 0.26458666908312944 -0.16096794022338765 -0.31076638420356045 0.66211732828761449 
-0.0046827779445186412 -0.072379652001115957 0.35476424555343122 -0.046783970772808312 -0.06882455933037103 -0.39515592712723507 -0.13982398029675014 -0.36822272791929167 0.13377623912525261 0.12539970767316333 0.14234708940407501 -0.69740031633966726 -0.10206877219750858 
-0.082423486687727199 0.09805562138673822 0.18707527072439428 -0.23182953062711562 -0.43178068417517346 -0.44346551357465547 0.030812469386117373 0.17111565340486301 -0.21153284711648915 0.23755473552180076 0.3483063901294306 0.4136735995295811 -0.29648202908751697 
0.52082619632260652 -0.40435321871718316 0.49339964625326976 0.151237252760001 -0.099442350213741523 -0.060423833149589386 -0.096972439086671636 0.023138147781053976 -0.47383157801462888 -0.12137942950661597 -0.065678191898886282 -0.096561134992689007 -0.15018912685307631 
-0.46786528532075577 -0.56509942681513303 0.082584643805503968 -0.071564280153116708 0.27640013543948239 0.44585401533790836 0.023736380108790381 0.08135324979500666 0.3313358761926562 0.21566924855586725 0.014072541937677581 0.10425987715282502 0.0096743018520549576 
0.1421964695377804 -0.060529852838974302 -0.45743674590469269 0.076808933369073989 0.040372541333967907 0.32986206864727857 -0.46682850300471468 -0.49754805628420634 -0.11301852675442403 -0.34094701668153277 -0.02089420588971742 0.23466642784766431 0.02288035159151711 
-0.53582449084940365 0.15790579335643398 -0.71966310674125344 0.026153464535398876 -0.19990124915117743 -0.15096854986035427 -0.12604925267283856 0.077429976469425135 -0.26875085577139896 -0.081975633255978217 0.037735970126892782 -0.047354246491920993 -0.045930400350816199 
-0.073587657511009916 -0.0080526138837343549 -0.21399027468731946 -0.38411044520370247 -0.01394651833873376 0.26956661369715318 -0.2472000861128788 -0.078289992499272501 0.34273788767570801 0.039222559440438745 0.50686718374314443 -0.43637357527711212 -0.30780767084230737 
-0.40739335592416404 -0.17991155699954584 -0.10769941501596152 -0.41826200760037419 0.19476282277800441 0.58708117343367794 -0.1602477608532977 -0.057901529105601174 -0.067104915306393786 -0.42956348758924057 0.00026360860679536501 0.094731845616133278 -0.074090278382129338 
0.21057278814615499 -0.59737445769714215 0.16922025077661532 0.072037426081951836 -0.12989075273018913 0.15017238914738398 -0.42659092734869142 -0.029813166285836069 -0.016962690544161954 -0.16988816281283764 -0.18670114117252007 0.44311065825749807 -0.28693532991913301 
0.5106450459178189 -0.10967179787783243 -0.048348068302661105 -0.45909227887422638 0.26431801113848896 0.21882240962253363 0.062549269589608478 0.017844884282349413 -0.19338619909382826 0.27159386021640952 -0.40653892647967077 0.29590647078678251 0.16773903394529466 
0.22602721225490405 -0.45871460069300496 0.087980969338788503 0.35183345066675042 0.16801570723271037 0.20750537004747635 -0.40205908406052071 0.42520311506786074 -0.17609105953402085 -0.061988024568118451 -0.29213320839382179 -0.03082622418281818 0.26848759722101428 
0.25686970556730671 0.041170783330808265 0.22288644220121803 0.11961737884270009 0.23133757836433083 -0.058807395137742545 0.32280427895158009 0.15050447863040362 -0.19346926941947148 0.18083968981181758 0.6468977106821745 -0.033982012913098346 -0.44129567767128236 
0.03857947748557259 0.29445649161738108 0.027994068238900039 0.0014488936386208629 0.34157393646806405 0.50876358165131741 -0.051410923742983408 -0.57868191814272407 -0.025518844032844549 0.12771587180213861 -0.36232327260667796 -0.033445767289388105 -0.22052873106383702 
0.55308280256014497 -0.006128428658939724 0.13339271321537388 -0.10405472935280814 0.22327244645492744 -0.0067822134007220342 -0.11639010867407559 0.17497177000129607 0.012021823168851855 0.25260692213890035 -0.32012426014052808 -0.5475095409397942 0.32431692999317119 
0.0056752542056633035 -0.12650973686441572 -0.098946176654027204 0.73440436887422977 -0.09262080445801725 0.026307024375416339 -0.0076757851277584801 0.14993141850140346 0.30371138724532754 -0.032370406551218686 0.099847492461047696 0.25205517611624639 0.4860289607323402 
-0.28667953567734744 -0.36676197756085849 0.40910169367790383 0.43077895122612597 0.15294033260580317 0.059195756420588608 -0.27731644192269828 0.25863653367984052 -0.073369197281150975 0.27887353367370549 0.074513018192328584 0.38442809285345075 -0.15225968366931203 
-0.19233258747480159 -0.28106316386105695 0.29280794061168658 -0.078440796606371835 0.41386671700887884 -0.18392416226243682 0.046283099456585826 -0.086979433442793908 -0.61346789969300775 0.29327899241908434 0.084331719171877553 0.27196985491638631 0.1840273045483985 
0.46164705247037896 0.294448703335009 -0.42893012519822205 0.02386694067706659 -0.097676250163766992 0.28639201311746976 0.35852695271485568 -0.059772268102897978 0.34435067513798545 -0.2512575919867347 0.11276498718164099 0.023854790740744869 0.31138911932641739 
0.2095103832800532 0.24682133245104954 0.14876626472101959 -0.31504928374109004 -0.047500292327680251 -0.33007194783955429 0.48874702553938226 0.081116292598699138 0.23012252775083716 0.032585342262594262 -0.4290407887128605 0.1816099599446391 -0.3821826026659238 
-0.094375894017956041 0.0021822172395766851 -0.096021667893769133 -0.63920771938708387 -0.43105067486444321 -0.24535009500284885 -0.050124120713533567 0.039423624669539907 0.20568776857099796 0.13553307943221546 0.086385947117332426 -0.47936349385516575 0.15901317991983741 
-0.4367001028903762 0.088110684545375545 -0.029026362937840264 0.44305013287545886 -0.059145992345856713 -0.18641053134390789 -0.29734857310038804 -0.033599722640578721 -0.46038136133329005 0.39865588449200284 -0.11150173569478911 0.21534877623136134 -0.21660120714062078 
0.57696438484116974 0.24392488346914271 0.30595132855181034 0.082351272189935987 -0.039569595766791255 0.34879922076983938 0.075326907384978437 0.076108129590030146 -0.13861804406311484 0.14161400502623545 0.060112379676163244 0.567502479560687 0.087117803194933743 
0.18374322447648253 0.28967274917319724 -0.078186786795172575 -0.046728299598827988 0.40927185659670107 0.12319905798388288 -0.55084543938199193 -0.049967594392196793 -0.085088749781586565 0.27314193204000986 -0.50505474769537706 0.080387666814246111 0.20502052005041788 
-0.1204408486840126 0.45197936439849451 0.34507291949523333 0.053858987570964773 -0.30383884013850848 -0.46394162898071162 -0.14361002770460451 -0.24123237644302101 0.18510588472976278 0.22389749288861943 0.38782171283964961 -0.05702332477893389 0.18655871470745741 
0.19339482858926935 0.015312374486363169 -0.27482971135174711 -0.16029144252480068 -0.82511069690181071 0.19306277336655298 0.14405911986500208 -0.123985017839618 -0.21926910505311789 0.021175389733104472 -0.055536768376410944 -0.19549364702188485 0.13078075997121066 
0.16230776611348555 -0.092818806180883159 0.4834600061443316 -0.039145455427527481 0.27010170370583031 -0.47324014285767702 -0.21463078928411644 -0.42475873106386325 0.30961951086787926 -0.16815757075042817 -0.11567685304064594 0.26228384951946127 -0.0078888159670870844 
0.16305738163778777 0.27155650223063366 -0.16861230389779155 -0.024508016944551542 0.36132740622541193 0.065004221637685142 -0.38236750357886318 0.48934934338498259 0.24094302110527149 -0.17789475292354298 -0.25765385266348284 -0.4007320635628504 0.18307401887741043 
-0.24126168209070717 -0.13852799951466727 0.21736382732572909 0.26779417814941026 -0.50486764254845728 0.36541568006315828 -0.18293104222820847 0.26514285752299488 0.36176619290492479 0.14338290150893429 0.22408567528539983 -0.030262016035286037 0.32999086007574091 
-0.014746595901490443 -0.34179672933586958 0.31835553703112152 0.15382451801881272 -0.044593462835365735 -0.11400188455330366 -0.25146217974121193 0.084018385955551347 0.68704652909787867 0.19432345105686796 -0.1970918921456048 0.28969940824063822 0.20025604094206803 
0.22308055050438044 0.023087473424663243 0.16572616881128088 -0.15041920288722976 0.11383971561908589 -0.23586244844143986 0.25871372663899916 0.64700486199287077 0.21354149069763123 0.062240098838535304 -0.44562269029088375 0.034307812577171311 0.31022874051551574 
-0.24056191321775616 -0.27085210519497793 -0.337652622787875 -0.55693069415893026 0.10033878657678912 0.21628610494800424 0.11921633614522445 0.2922456715297817 -0.12379569416192998 0.19504480062537249 0.15808840128337223 -0.182108610220233 -0.42023452493912705 
-0.55136281934907205 0.22078381691106758 0.0053125503140162445 0.074943701012981062 0.0089847178640431805 -0.071705928432832938 0.040547010414658836 0.095306748876526293 0.029793102526784066 0.32680715941602334 -0.26705778975095129 0.2182142416921512 0.63168900386747617 
0.10260805131162193 0.78313776708240757 -0.080482352246245586 0.19968951759010722 0.26134881466148724 0.39504074299699377 0.048967006435107839 0.24072149559613687 0.11518154467225737 0.088462893220411315 0.037575759917094748 -0.084391766505824681 0.12442723056301594 
-0.35181306156111225 0.11392397947762624 0.43181548561174199 0.25169034213769148 0.23199202947439543 -0.48913328985032534 0.44040534151978727 0.082234095888093134 0.041337389752684431 -0.23200007542707082 0.21337148967037445 -0.11658129844985801 0.070667246926709532 
0.54032695558380961 -0.14822317612050889 -0.18023295900892344 0.21604146130796095 0.31212279189115699 -0.13188089412371193 0.44182251557374475 -0.16319707412206799 0.15859042696595693 -0.15100548135148084 -0.25954933563979882 0.21551119126629822 0.3293944455737769 
0.23377250557943954 0.19716496412495779 -0.7422953843878588 0.27644580915404332 -0.11680565615698256 0.0054454432739337207 -0.17436338585842412 0.11367189959031558 -0.034783089658689058 -0.22869734874371167 -0.24026211537858674 0.26377951385722043 0.20306823375804664 
0.26816099804971677 -0.040157213875319592 -0.050998255881961156 -0.10555795960626929 0.40167660183836956 -0.19780063262919062 0.063824638605973746 0.13981822140189815 0.11936382990749977 -0.52963906921874715 -0.62606632320828748 -0.010656341555287255 0.042473566996838213 
0.43162033935645699 -0.28933597979837422 0.27939191813190117 -0.33257035230879545 -0.13339666134834186 -0.32609920155791478 -0.24461586339980942 -0.13078093817967709 -0.21498527265387429 0.31531472356304813 -0.23538976788245247 -0.10694538228494475 0.35743818681360556 
0.075010405809497083 -0.027390892506624537 -0.3123798826980328 -0.43331271226045681 0.46891767068473311 0.017375766180209546 0.35735639057277557 0.29246390926129351 0.27182135877152019 0.3040513918722737 0.013650486483684931 0.3277749457943066 0.030013367307335968 
0.22105840861754883 -0.036448477388407917 0.0019276564956809234 0.10411677449665767 0.62841294389306224 0.18152604634869779 0.025702145911051279 -0.17095777949814031 0.53604977346420579 -0.22472863187148143 -0.038969971088717435 -0.097359821755149095 -0.36382559352110483 
0.061239413700576631 -0.29525491137613663 -0.44574330141978458 -0.030022162501690316 -0.14775521199555797 -0.31135435969425751 0.1362480343613211 0.42344235923141271 0.37321570425041412 -0.19083660045883366 0.33337973807720866 -0.29119640192889973 0.14560146927194068 
-0.076081028550434221 -0.067744963182394327 0.093979496577395336 0.44193010069520511 0.12681017616836412 -0.011769516037198334 -0.64246468530173895 0.12207820320153731 -0.35055983673193719 -0.10459927299082983 0.43066070473053675 0.10954025372327808 -0.10150723477582377 
0.24632523934060363 0.24688056159903335 -0.098163040401397325 -0.03135652910765261 -0.6551429650535241 -0.002025051873313817 0.20088272604081256 0.34184007511821196 0.01288453589978298 -0.20355870008376248 -0.069841423252131093 0.44478565336639159 -0.19239407680486006 
-0.33927398425877803 -0.53514272143282271 0.17815042885157231 0.12779709882795026 -0.13938047713283583 -0.28732459341732275 0.10429918098778973 0.0053152326161072204 -0.0051582325246563717 -0.49388035138190262 0.037047970018573635 0.39227029909495609 0.19586704371761812 
0.26356370272721896 0.148639302235517 -0.54568062092198422 0.023187232698453346 -0.21053052649966736 0.43231138588824525 0.24928361143034813 0.2591075478525095 -0.014797918562303898 -0.32574640196034893 -0.024724043972404804 -0.28046564310110011 -0.2530579287288775 
-0.14690146390030395 0.016807833473638484 0.4329868184394402 0.0083709824559932856 -0.71211533065977006 -0.019979494805324512 0.45069208926610338 -0.14163701612983787 0.019403018524973243 0.13821214201542711 0.1718161242847816 -0.098651110394888233 -0.034147837925157555 
-0.043359885268377835 0.2663232380648366 0.070021997300888567 -0.16998707394427112 -0.16110034620390307 -0.092666416850563219 0.21857813689485892 0.26223718376105354 0.38744497614910023 -0.21360614546781079 0.24268240157312604 -0.69067429226428756 -0.10315579486810174 
-0.34695834190649966 -0.099992939412542794 -0.37290721359990414 0.18205263430934931 0.031246245138586787 -0.066108331145999302 0.6593946321118066 -0.052014242016048436 0.2637656226040358 0.080718253796665404 0.020525937892987404 0.26080334340740141 0.3317190523624351 
-0.2105778635511931 -0.34075351011574784 0.022300909282362894 -0.27357564942660739 0.20196213492809156 -0.45418864939113385 -0.38806415522210241 -0.11506233279945154 0.24875866497579188 0.1375031794026314 -0.34343194405191552 -0.021887146180082445 -0.39253195401711455 
0.033443474108746346 0.3166420830016361 -0.39866244639409926 -0.12257390959444803 0.24109487311787139 -0.011137080799741499 -0.41114709950531564 0.02901385627921408 0.17560954777831142 -0.61226152018696656 0.17540239565236712 0.039911035806989736 0.24179935603947486 
-0.57443916990102029 -0.03474472436776161 0.41274668147587462 0.34282530888712959 -0.073075988307082063 -0.22657286457480899 0.078052906209211403 -0.16277303975974752 -0.25717682202565406 0.2837808387795695 0.37367533480141296 -0.05344565719830726 0.049995706837193107 
-0.083231421023300667 0.28193054019542935 -0.069657580866931981 -0.42039025307601235 -0.32489196955273458 0.0043424384493395548 -0.53285077783570911 0.17465031325779412 0.20884180618307563 -0.11143437911030506 -0.37002695525359691 0.34259394428332335 0.040965185974686756 
-0.32794154474820725 -0.18830733716273454 0.32774947048162389 -0.0082363519628633128 0.24708793106185445 0.57194600681476337 -0.14745488979515217 -0.25287374074273794 -0.23927308069020364 -0.072598840296880074 0.23953428403799096 -0.32082026627294569 0.22982573441245105 
0.26789974517083626 0.31316879815026472 0.38881756249187993 0.33053530385526858 0.24465188518589717 0.11020057720072782 0.29415146522089503 0.2775783692544504 0.29510597438986602 0.044352309580198646 0.34030896742404632 -0.30406770291288659 0.1919030326652546 
-0.0046097091006919479 -0.37491832187697754 0.38913612079950527 0.26012695175942402 -0.29624686379442777 -0.11100138650281048 -0.095803401855180534 -0.026567513151576704 -0.31288572120063513 -0.059785046736915766 -0.41582465108784261 -0.0094725740045686398 0.50584861157225802 
-0.1817111167249065 0.07015570071208431 -0.30143469484252766 -0.20578467301236 -0.33586494692660418 -0.06717723916652496 -0.13254217262179854 0.56134538279749591 -0.02113034486198502 0.12346065083066542 0.52858076532545284 0.19992180357001496 0.20928342904994682 
-0.13853718154615427 -0.38720009846717868 0.22788980524167884 -0.3650529014495017 -0.15859180000175971 0.2447143399519221 0.091999700643792065 -0.17204117083589232 -0.15568427377730881 0.39313342755522906 -0.18983579450802926 0.24320458561884417 0.49860805047051843 
0.10478538030844227 0.088373674004387739 0.27746781958421662 -0.23617192167442255 0.24865132460612868 0.27592789257215761 -0.41391795430364942 -0.33944107906604043 0.16511485982632931 -0.38806843852203221 0.36563023211804202 -0.28958908749187684 0.1688940851503504 
-0.094164260115514889 -0.14200652385601706 -0.43326823872657216 -0.019556255234837453 -0.13640054462853596 -0.26857875126470354 -0.16101171000221381 0.60277569534007447 -0.23710772699568336 -0.050067262356348841 -0.23448386929190082 -0.29093167017558957 0.32327965448601576 
0.18439304110999169 -0.01605131140033151 0.59567904360467516 -0.27831116952969848 0.12729621899494439 0.56477638006480901 0.095096310508215209 -0.10233217595955044 -0.054649332974911785 0.10171306466521082 -0.11618495733963399 0.13228612957218969 -0.36664478838784131 
0.47125592072178318 0.20094060197092981 -0.17257542822315422 -0.47692617159473938 0.16383073696571457 -0.39675785754368315 0.076763478342222483 0.18888777588507963 0.1401341169633375 -0.26681874011055567 -0.037044901860199951 -0.20495106782320974 0.34679139685901805 
0.38878211225140191 0.27667130085055641 0.024136876377103742 -0.12648502246608048 0.1437716839915977 0.29023059209963792 -0.11882749038947038 -0.06642519237227619 -0.36851727385238509 -0.25113176557908118 -0.18563568318018489 -0.065066237236709693 -0.62826560585384028 
-0.39336747978660885 0.45573330934814243 -0.15115544826167784 0.09498199154982491 -0.49066183447641948 -0.14037750575762539 -0.25537224049142004 0.12708008829111458 0.13278388047438816 -0.11519855273370268 0.13878940031100545 0.44844735958794607 0.11229702099750677 
0.34518092963344971 0.3985459757248262 0.49159990262792735 -0.029416366546915183 -0.040634972361578856 0.12736356249722661 -0.37306042120116439 0.1383248703122601 -0.24217193888914523 -0.27607937684430817 -0.023899791295418821 -0.4012432123695836 0.082828332840411176 
0.29459229705070406 -0.52124153227895964 -0.16052038842899335 -0.35683839603953132 0.34305120779816123 -0.32711068399777815 -0.20706641677345899 0.041297458115281738 -0.22533045218597225 -0.050343133534016052 0.02942342629496059 -0.40461122343536426 0.035643679324689002 
0.21857234995412383 -0.1226371335029799 0.33681058770694233 -0.0050690559213785761 0.23350005125604445 -0.11038185942009776 0.31544172428866196 0.45647438559499731 -0.096789314563337545 -0.50921918221341234 0.22202464000298147 -0.35197922431098966 -0.085344929476622533 
-0.076329810628368938 0.01174164242699792 -0.0847946418526596 0.32038912771133848 0.24925425001481397 -0.41388951156948273 -0.14595471221580422 0.030920340945583748 0.54737504871959786 0.011764052813101998 0.39331976729180551 0.35345119133040881 -0.22162918143918192 
-0.67335208309041272 0.3551538288141759 0.092379450941504695 -0.39883156169993195 0.0669669855746369 0.072429918969472568 -0.14134517350204087 0.18208132836105825 -0.25714319198960917 -0.0091627527949002755 0.20912065228562193 -0.17701876568614522 -0.220739090648777 
0.095851772076175193 0.61737830965929474 -0.13716082228319698 -0.2139843477634692 -0.0009259246537517158 -0.16219175384104784 -0.40883527362867006 -0.43300500762198624 0.11465180242529005 0.13617334526579564 0.072529646609814702 -0.34498234757970564 0.090254322979504309 
-0.37081492850126974 0.2259417113711234 0.32957223023088239 0.36180247368214302 0.38764499529939106 0.059627752995063892 -0.11358117953190487 0.42207425748181793 0.37824287854911676 -0.17663313658351465 -0.049952142361271011 -0.19274255772091922 -0.11464912683960482 
-0.073554021112799392 0.10354800393108519 -0.20721497987178317 -0.17192202245294735 0.16340057822810805 0.38140694128769786 -0.063440432915112824 0.37390812154499786 -0.58219204152011539 -0.10441452775619231 -0.0093928220651868875 -0.45867999804111875 -0.18720010398958045 
-0.14452066570179714 0.2279984149222595 -0.013150741707086015 0.18290738630746434 -0.45934941255401329 0.010032126926695927 0.11055682805269823 0.039248968516537988 0.5867878014403084 0.14998633407114773 -0.32819242875254362 0.11286433016658563 -0.42587812132110925 
-0.28986067376350411 0.28434447972493759 0.30993057905349625 -0.38262872958158267 0.10616910129778591 -0.34175554366867061 -0.16202212596594315 -0.1494182919076335 0.21413625183893545 0.16620357560100832 -0.58492882673564039 0.00085646452020242576 -0.020028589363922048 
-0.018994618623379665 0.2957941738099043 -0.067708113289063163 0.06779665042021088 0.33292222362856172 0.037088644523565542 0.55259384210554019 0.12697431157011463 0.086086276302527728 0.011513505986056794 -0.64540036324475825 -0.1590291178530627 -0.14104515280838062 
-0.24483720691141894 -0.15105224952328095 -0.14169097186798693 -0.093648876231186048 -0.014482185041587105 -0.21538263727827114 0.56660206696315318 -0.2088187684702994 -0.072228610194720502 0.53615035629169527 0.38831357203488953 -0.14477326218164427 -0.11281851651673841 
-0.027530259582039567 -0.56552771160146775 -0.4294130923325673 0.047744636819858167 0.045380768425589399 0.13213035987576519 0.40679353153021602 0.34305479507217057 0.12917613464225464 0.25026496619732685 -0.24569547683241222 0.082272855585694984 -0.20882003011409239 
0.076641719385970988 -0.10972102298100939 0.31222181160576684 0.46642114722138206 0.083887350382410603 -0.30070290102227837 0.055996877606512355 -0.054536606238050331 -0.22502342512623602 -0.60188827876540574 -0.34398876039838899 0.17165398116793468 -0.052807057169281253 
-0.018517560826594299 -0.1711662771772387 -0.12201212266548145 -0.032311038164230498 0.32132873590294114 0.49285302114477414 0.054382225053994947 -0.19921584834701475 -0.0091634649391750967 0.37595125041237426 0.23609385872185024 -0.013779225043421465 -0.60685592827744905 
0.10292034258329275 -0.59728870255164845 -0.15628664292736599 0.13610223610168803 0.11856910846750772 0.15800311257941038 0.25030565123031329 0.42685860349389171 -0.200480782327185 0.020434463008356642 0.13840657119616243 -0.45295768984629331 0.20219375082589225 
0.13344857526361964 -0.33635887387221575 -0.15290295158605366 -0.10842505691567315 -0.29389993275990972 -0.43048406330855354 -0.12644708559452722 -0.15317667234542748 0.0024080955941977113 -0.32526095720354198 -0.17720912085939089 -0.47151334683484269 0.40403567236944865 
-0.15370993942259911 -0.085046917432658201 -0.078232610869560446 0.00083881771442921962 0.14746091916089735 0.42990771328774108 0.15045353397669128 0.517151659095345 0.21941729221197492 0.043922106557237564 -0.25296563641125319 -0.42001851682324787 -0.41939420010134976 
0.068867947300169846 0.65639386073299411 0.26664855979875651 -0.49574051026493832 0.016516395164781168 0.081498468375256566 -0.22779805836715017 0.18817654948237753 0.1591453751375885 -0.0080111158346659033 -0.054108773167172983 0.063993616629273234 -0.34772498606077062 
-0.12506344720042101 0.32199026946729808 0.39325090368890103 -0.012346411261788729 0.29181969545855446 -0.23049262651230351 -0.63978171298188191 0.15325148900895202 0.31826377988412952 -0.098550525276266274 -0.068057394982035627 0.17764321494880431 -0.087163572027175229 
0.058436199117949512 -0.13305769136533011 -0.023600445903378925 0.58722791693972631 0.271902753085765 -0.49780508381156585 0.065378938829896191 0.33307865460390951 -0.06135595150235184 0.12799395559747764 0.26113427535131734 -0.25281583544452313 -0.21041978911788986 
-0.12269521909113579 -0.53152143306910138 -0.18590389596517556 0.40241445794757263 0.10569187239012344 -0.28189387262023963 -0.3463420595154964 0.19469879512346361 0.10732273273180887 -0.34667058407368323 0.018621060663463706 -0.35098671581081103 0.046912079244518151 
-0.34533401033876088 -0.13898990293379976 -0.27927685787376405 -0.15236957898976147 0.2091970334667495 0.03804920175815002 0.0092930038975925309 0.2743964797891823 -0.35956591945941602 -0.2858949557487302 0.24058952626488969 0.052199395409817564 0.60662309092533495 
-0.11768959598168474 0.57855061531519025 -0.26132225947559745 -0.20611734214885158 -0.45917064031480453 -0.036479819623383133 -0.0086637590935636569 -0.011829433031668377 0.032562679950387564 0.041431232984097906 -0.31842208950381279 -0.46957068917412159 -0.060042299275034496 
-0.40719914733266993 0.015631509358230048 0.10434542379482176 0.37762310926674519 -0.03897660819383026 0.081492930058459492 -0.4493037000352671 0.16655827631751138 0.31936000552346039 -0.40181498093511403 0.081880625396960741 0.41504495758049953 0.016393188715086448 
0.31544610794200145 -0.020287974337753572 -0.20986236055117929 0.11235151454638662 0.1844162501139501 0.2924313539084496 -0.44943930950671618 0.2923308961577476 0.27857251690511275 0.09977448645389228 -0.10331617564131465 0.55376649784901244 0.17762156524575939 
-0.13923574086229271 -0.22075634660031881 0.018128947302431416 -0.069053374732401793 -0.040745660396342726 0.017343279085465128 -0.39062395461061272 -0.20558568431051924 0.62332458978462713 -0.065083598769360998 -0.067225286072478893 0.18829492492822417 -0.54518422026885061 
-0.12685085829407017 -0.3207073277735194 0.55067103530967509 -0.56350098510633295 0.38841850237699133 -0.028682340330878634 0.0015857018395187739 -0.0011912609869926926 0.12332189100265749 -0.19473365514319346 -0.21826765268312809 -0.088187399507114905 0.0063957988832734555 
-0.28507014720186313 0.44133255059924303 0.037314591833456145 0.18227683462346084 0.52343782544122619 -0.29535447132892456 -0.13594800814319544 -0.32162916976429567 -0.01908112253855878 -0.10400325992463526 -0.13798720191611036 -0.26920508488846767 -0.3217175006416354 
-0.13608365301944081 0.45585622240084278 0.11213817595742566 0.17827519704137165 0.027137251161843529 -0.49858105427071459 -0.22187633193545228 0.040843572109534383 0.23645401242059946 -0.48820579987323598 0.2476601523577551 -0.24246913134801487 -0.12132720888493601 
-0.23225113335789868 0.071786531070004031 -0.10471106139898649 0.059435940837856235 -0.26430898914189505 -0.29479447466932518 -0.20238281270378378 0.18536150491678527 0.38006599773122218 -0.1295019008022508 -0.41060892568698704 -0.55034456545247146 0.24825111808191866 
0.24796722388349435 0.1980174902541855 -0.27003582854551011 0.50029656909167886 -0.42861631838619568 0.28533452575833995 -0.27804503403006292 -0.28657453297574231 0.25500544146012327 0.25401055363858793 0.066029561222174488 -0.0028960556955069392 0.13268818028078389 
0.10079695006570424 0.1470575826725814 0.28363836835045275 0.2099413350087781 0.086733440042132848 -0.3294185181323932 -0.24249685927853337 -0.23625313427729366 -0.10638586817587474 0.3755393716232433 0.047934888898712377 -0.13155668944846488 -0.66413533670872016 
0.17995193360774722 -0.33551170174718836 -0.19015039539382578 -0.3841786061303426 -0.25683648929559361 0.17403915535374456 -0.24894207793386017 0.064137385745538122 -0.19853908513883409 -0.37430798810025651 0.083580321195097618 -0.54133666224011101 -0.17147350465555958 
0.10583214712828289 -0.43574082866707436 0.23400613023506828 0.43222758888559998 0.34006334542201927 0.11288290129339199 0.092092052827237619 0.25298696017737848 0.35875747490216342 -0.079601762460673117 0.43846384867565391 -0.019800432434021527 -0.16969084436845927 
-0.089809841842019775 0.10309471995779608 -0.42384064986248732 -0.046248268527123292 0.46669305358811014 0.42863122220971778 -0.097994326339356189 -0.073735423334022818 -0.55340238373391248 -0.093004828609462936 -0.11202216783222789 0.12444391711260187 0.2000489679527683 
0.15034312533778063 0.37588472386792471 -0.11981699995099736 -0.195166024544036 -0.24307131055095249 -0.58602681379352495 -0.40908675234425013 0.36225213496332681 -0.13935008798886117 -0.14565670977188977 0.14887228018979087 0.10503349950960097 0.09350264024936436 
0.145558068106761 -0.11272232611705599 0.1540820844429048 -0.16732033698092028 -0.029268234840541495 -0.58118279159306363 0.33314222380626701 -0.25533308272116645 -0.10680644125728425 0.02548890667196203 0.62077852166610004 -0.015840666268979068 0.043429839210740895 
0.21562006686257881 -0.012199295684445728 0.34916637983869092 -0.12493201341967604 0.16442760852068525 0.24068780956768074 -0.32004490811039177 0.39998154029110083 0.51914799410878221 0.0018440586690964794 0.24100524758107039 -0.3667825128383711 -0.079510866173680916 
0.6589457617127642 -0.10749536230249683 -0.02962499850283587 -0.050876571570152983 -0.044482575456185634 0.1356634361655592 0.46299204945222505 0.18747616391242347 0.013720820850573972 -0.13364647935277046 -0.069896575546469941 -0.48969136694287008 0.13470017932711897 
-0.050216731768205708 0.33200991584364886 -0.31588896391279681 0.56005738259731874 0.23705400721295838 0.057680128221111349 -0.22098925595503821 0.11906943628939566 0.44711870632394951 0.21241790479237788 -0.2629180992676709 0.17206563001749048 -0.086563231791366851 
0.48623858460196279 0.31218954167405544 -0.34060622347542319 -0.29528363433320248 0.148131818236761 0.014768607342978586 -0.2548729932500739 0.18815853683798703 0.025647469323149947 0.13903772096069869 0.24899518221201733 -0.27021018865028534 -0.4305557482839118 
-0.43830901272887118 0.1672915167019503 0.28439769263278536 -0.25344622086707902 -0.017148982559168805 -0.15480518183479469 -0.28174963549986759 0.48924732427184831 -0.085948406837166869 -0.27058755302192028 -0.037505077483459673 0.21958794083044314 0.40192902723357105 
0.052637469730266014 -0.086202401280885702 0.096341659293109061 -0.12472751767714314 0.11118263287331046 -0.10328161555062668 -0.71253671983483358 0.39682376873143554 -0.12109608496253629 0.068748201816000415 0.12990997309214816 -0.36954249521696414 0.32237336952637707 
-0.12274731314412336 0.19091058984689682 0.33999179983266442 -0.15419783274732407 0.48177029722662729 -0.43476506874215609 0.14601125284516694 0.40108649487700582 0.0043087829196795137 0.1327320643647602 -0.14531532501263006 -0.18802869077739345 -0.36289695899066615 
0.057367099509262623 0.32454740135053944 -0.22190539557924632 0.10471673002515276 -0.070462341071469481 -0.044526753316777183 0.74766119412383092 -0.154768941489283 -0.081255620562440387 -0.36150721864857627 0.02315570610871049 0.25350691132758307 -0.19794003256873494 
-0.45638862811274777 -0.060939295666100776 0.12258647813531887 -0.13304252172911979 0.0754597864405082 -0.21462436645504754 -0.43410621044548109 0.24860498879437237 0.067623344827861892 0.2932116857499722 0.26169348462700925 0.541085090564004 0.038145250868535721 
0.14768254374501183 -0.34482224723749999 -0.042028045118990304 0.59453753917834506 -0.44054661550108176 -0.074716635742809345 -0.047739434623139648 0.20827246300783273 -0.15299774280025835 -0.27834581449904711 -0.23181290573842459 -0.010935976260143358 -0.32246604917089039 
-0.22448906087470161 0.6296892152323279 0.04442169006026548 -0.055083351470302265 -0.25379755617306798 -0.36076882902853502 -0.1616312454061869 -0.45008397826469443 -0.15315138546069437 -0.036580497937204533 -0.18543555814591323 0.18227068666173327 -0.1800518480094484 
0.10497413552285546 -0.21154465495808847 -0.29667834088233108 0.16373113920439217 -0.40893420809189851 0.22669651057482132 -0.31048298683900977 -0.11206235802301739 0.021725663386008249 0.13527057238581966 -0.66326627416409734 0.20324168204150281 -0.042752196593857823 
-0.17822078853999856 -0.58406166895306133 -0.26113243009166498 -0.25360120491732485 -0.072596139307918653 0.12968894985402729 -0.29602622191846845 0.14667371038185945 -0.036671799064595348 -0.15167048549259612 0.29144468482839408 0.48997615446849707 0.11834729568113186 
-0.23355751765245664 -0.12036994853015059 -0.22849857878272797 -0.6870632726387822 -0.41567716335000554 -0.033055103105556531 0.062815236813028585 -0.25734552318510495 -0.1287308441242041 -0.024540939927737631 -0.36821994035471733 0.095760876511029089 -0.026680445390836801 
0.090767614654621742 -0.042361135650387106 0.040748958305090566 -0.15782826756800342 0.1706578219484185 0.38780456819860576 0.049123653081686328 0.69444301955055554 -0.23746848784666688 0.19161474951343421 0.11160761145600773 0.3771556389326095 0.22672822674410212 
0.46850339387149714 -0.12972366115856235 -0.21377573407276201 0.099499603379372928 0.40615126901460735 0.028562063336958789 -0.26665154646296502 -0.11436424265044372 -0.32378888775201259 0.29512609501243792 0.092075804424952681 -0.10206123742117207 0.49727872302135262 
0.066736380928876363 -0.46589269201334094 0.26555655768680236 0.15685562863326538 0.028855029473152941 -0.63614083152742629 0.11038802273395394 0.047132363693136413 0.22658092938718175 0.32682567403985952 0.1485186582162101 0.15604581399824749 -0.24267160776175425 
-0.50686179158723177 -0.32467898233335207 -0.048096788021859731 0.33786991940975508 0.11170436806426341 0.27285254848766038 0.23560955240338757 0.4094723259298243 0.12756628274127815 -0.34772728780370654 0.14938155532659464 -0.0063832879260847346 0.22706046472414554 
-0.20790160552433706 -0.18923000124729755 -0.41943928000272851 -0.49118715100271865 -0.17119709569083877 0.35923616264360192 0.15489440848073702 -0.47258167379247856 0.099236215481335863 0.11053857008999597 0.14112298533395254 -0.13222605428358816 0.19652987421872242 
0.027822957076416348 0.35067274285412725 -0.15878652045319061 -0.0039159167025584413 0.071779791761691178 -0.10138403829776652 -0.0080751459097955954 0.57905890769793411 -0.42947295603883523 0.54142767340354647 -0.086617098684897378 -0.041044759561785646 -0.11594131764277806 
0.22342422527096598 0.24988442403032804 -0.18214164114506623 -0.088119616106007326 -0.68537170306268502 -0.23954382795560025 -0.30661402878119248 -0.0010426365846298797 0.091864908322570188 0.42361020590467879 0.044546332655083565 0.18322797611377284 0.046132900285774228 
0.31026108958435089 -0.35366949918152762 -0.56359587936886146 -0.19344466554681947 -0.016105428379584001 0.090666902610318706 0.039836862198403607 -0.17899833576745683 0.12477676620879141 -0.19014457521318839 -0.33465336321853739 0.042741603165720871 -0.46469733902378191 
0.14936889348428309 -0.5306321698377271 -0.033248818343519934 0.12039495103027624 -0.17995266233106186 0.10208927707311448 -0.22336743237485285 0.22248271549892762 -0.33577950878058543 0.28796129879987215 0.19302810739530474 0.032309599574269307 -0.5516773581815736 
0.036786696826776141 -0.18855081596259712 -0.20521288004307719 -0.0055916449601453935 -0.022849373670340102 -0.21962780313071315 -0.79375893297457745 0.089987447675763124 -0.1588322871329749 -0.24071343010507609 0.035683579099148446 0.33767555114118097 0.18860948910784484 
0.2818899923856274 0.55112490951836757 -0.0043423859614734285 -0.17643307122736387 -0.48972775120333045 0.20074829871169406 -0.23000886597316864 -0.28717701468908213 0.055683974274563675 -0.31673441956880877 0.0041310303440814837 0.19855494656794931 0.16517108005771156 
-0.21901067737601446 -0.66800124372382419 -0.22020409888078774 0.035287903963996552 0.048985282033295774 0.36573813140078848 -0.13749213796282253 0.30315441642756219 -0.22715276117561112 -0.25210150664618453 -0.11389651200141146 -0.14390906401704875 -0.24549373253868365 
-0.12885150434964196 -0.1481819761999208 0.074903203603087498 -0.28332767725982688 -0.31806183830474988 0.3391036008784733 0.48263732500130285 -0.03692130461465646 -0.14898783197469728 -0.037604571071673323 -0.38651509105631832 -0.49235638357760464 0.098374650726517895 
-0.63312565947731414 -0.28596124173742743 -0.25891313591938842 0.033190093289419034 0.10731312798582594 0.16181995908992972 0.34150789679182636 -0.012404681673449013 0.27449840325487102 -0.086944726641986728 -0.21375446332672235 0.1197584223763649 -0.38963487753558873 
0.059512419026625969 0.21961289959043126 0.11122926865373625 0.39893475788697635 0.047379878710728622 0.19304230048313878 0.37106292583831346 0.23861416852929493 0.39257915074021787 -0.43851627486884787 -0.015782233311530287 -0.18170892729104221 -0.40359736118573958 
0.16355848039995541 0.29680662932895951 -0.10886013664129601 0.32162993014551133 0.29573515925827254 0.26677309135503102 0.028493698471629376 0.020044272292232108 -0.19793212483351752 -0.48836221100146626 0.082196442687630919 0.56490503230469247 -0.080427300555841269 
-0.37214670896656799 0.29623990954582174 0.24868985586350098 0.0375830611573219 -0.10886895264680581 -0.16279944360347148 -0.64752178344584121 -0.21161449869620497 -0.25329565640826085 5.0711317423963466e-05 0.16700878112070361 -0.27476109791171516 -0.20130589235024149 
-0.36630472444700957 0.23875613343801455 -0.11892162339134277 -0.033834980969215236 -0.5603869101568868 -0.43595472246180472 0.25916316635502901 -0.079138811304885676 -0.24936817365501626 -0.13419756675407135 0.21086059674427834 -0.30224184848651303 -0.0022119208426276617 
-0.070347902034198162 -0.11675547943999337 0.33305685342186386 -0.17876063300153364 -0.1665495469194766 0.16458872783358292 0.16460772498815912 0.092637152769374412 0.26850899897799618 -0.28048428445569035 -0.52025196593290113 -0.213871937945181 0.52996200129209858 
-0.47287597166489115 0.29976676734484176 -0.2639510837673793 -0.033271452395896697 0.043244575355679646 -0.28246176929010403 -0.44251746420610311 -0.24663855895799203 -0.15747621810054388 0.19609446917349854 0.29636304759593152 0.23147949477011068 0.26977471075617515 
-0.3152630137962969 0.073133257654941664 -0.32105980771465509 -0.088426220004314188 -0.40211470086040901 -0.028856232568095448 0.092772238425358935 -0.30390006225076349 -0.27604304702039145 -0.5607432836790186 0.046343023325310893 0.26358742108340449 0.24210021275190768 
0.036160327657473686 0.39419132409644553 0.27218094615191685 0.037965530346758355 0.71153247814807419 0.17499330304351571 0.3438439311892374 -0.092366406250969729 0.12666584029433897 0.023345144743774204 0.037258798677068827 0.09273626856984403 -0.27846542282917036 
0.0075600040673144313 0.35524059015250409 0.15251020055513323 -0.28444794954741798 -0.20802777615668366 -0.27762976329923805 -0.085539272800119553 0.098962538495864505 -0.23962249338602468 -0.17233330269209132 0.13448820838343339 -0.43756253592113237 0.57917771214307179 
0.59960951384143502 0.25261413959413442 -0.3788134066346191 0.19409879015853809 -0.43278857805908871 0.035346458584133232 -0.07064261254353002 0.04766457523993281 0.26732841301389559 0.081080420530111691 -0.013980862575184985 -0.30439497716916608 -0.16962515286997529 
0.053925923621433461 0.15218137604312137 -0.076809139955109143 -0.23257393383403219 -0.11955863606621596 0.50842603943159914 -0.22442294820398623 -0.035678619386691479 0.53292212561232988 -0.16570576886536015 0.16061347367167333 -0.11165205913618817 0.48967882559779452 
-0.26434359921805112 -0.46953768072194058 0.30774102497167388 -0.10358320934585333 0.045736325229747167 -0.2633306513851465 0.39320083631349539 -0.26801096577142741 -0.15156994370385446 0.095033360952565843 -0.31124822239460032 0.066852446284028019 -0.41593472603715625 
-0.19918372076038229 0.045064921377191779 -0.29703550914093885 0.11520985723916424 -0.31802801936848768 0.49960711182522205 -0.018315681558703976 0.24248208382151679 -0.10246796214400408 -0.10993998759243194 -0.086119069437003232 0.3771878485127142 0.5240570861751126 
0.2192413997899996 0.48416442794689196 0.11866120572320586 -0.42078420772435021 -0.54105126119749625 -0.16893200140496664 0.32165644707252511 0.17915071250432696 -0.05058492319212627 0.17382297835648244 0.080984615982943292 0.072531051211065969 0.15796621272952768 
-0.30637159586478868 -0.21500468678683698 -0.11406777954310569 -0.048282558865241486 -0.059393879132089981 0.019063689840300203 0.10820249518468777 -0.10400712254702417 -0.70189765750560362 -0.29642466814462765 -0.41177170004318409 -0.15511964121215524 0.20977250985377024 
-0.23339120611460423 -0.15704966037347176 -0.22772749880711371 0.062558791061216062 0.37967564479895211 -0.44976204036634165 -0.061198770658570947 0.010775945132367848 -0.27848136697215442 0.29474849538680975 0.53364054276058503 0.21666176404663595 -0.13655232748024476 
-0.098748130865078901 0.13081403011364334 -0.17855209442692763 -0.2606601457391291 -0.24146981102224316 0.13262746603369044 -0.37587415915995009 -0.049125757936772686 -0.33644791678051145 0.39349783804541011 -0.26254084670640448 0.26528699058151817 -0.49636364025069751 
-0.64573631610284044 0.45961229470452331 -0.33227465498432007 0.10451456046516677 0.043455400741548016 0.22727875394267641 -0.20145082758848989 0.080397792673652699 0.25675599608826088 -0.078517743765738515 -0.19583801399958387 -0.19431098226371663 -0.04078236026817169 
-0.062048405772712048 0.2262725557377788 0.51354111751992126 -0.62970978295374558 -0.061502877126440071 -0.22910842577813251 0.1952999539872492 -0.33160676782178616 -0.13477425618253605 -0.068234981775215212 0.0089197470665599594 0.18003411159776289 -0.15811857729486178 
0.03601362223930963 -0.6848361577897828 0.33107288900566995 -0.032288542373468058 0.2005143049457595 -0.22967340524890448 0.27582118417486451 0.22986041028687429 0.02110477680412266 0.18978017969598074 -0.1808717588396139 0.071844051443306051 0.35049046447438587 
0.092342160588289313 0.28166300743769074 0.18332589081059647 0.26252227843783205 0.14192491856090636 0.48048084614132552 0.37173941877793376 0.16039458126126593 -0.38591959346297844 0.39085476620531839 0.15173891112772633 0.093864802837948541 -0.24729481245415658 
-0.13611416845826291 0.35154536900042321 -0.31518838385468967 -0.24860342418102355 -0.096847270754226319 0.028492646668967704 -0.18430305874914887 -0.094568588716357982 0.13030352219522479 -0.56761033025483143 -0.12165910125393982 0.20440989330918699 -0.49789005848269363 
0.031979289746677186 -0.32163461147604239 0.1495547154889198 -0.096854709295379274 0.35238278419045282 -0.042968126215792914 0.17401327261601449 -0.25736433332498287 -0.31469284453690483 0.18044920590927213 -0.47461770446570817 -0.53123733860969657 0.046643015234890867 
-0.50550870401941383 -0.10827734200280528 -0.26560157705355614 0.14367498153058741 -0.087559717029262324 0.31649346878286877 -0.087342484813765719 -0.41732319899850606 -0.33004237739538628 0.14460545482759288 -0.10578692150028986 0.10260000882384959 0.44762902542190713 
-0.12870992105662876 -0.011466213870339853 -0.37149486063352499 -0.26778560385056199 -0.010265978673350903 0.32823320193577682 0.35748261446022744 -0.14717201020531867 -0.029155664443997302 0.38160461446999033 -0.46146051111753289 -0.18254148790856234 -0.35149614929800871 
0.19815756492499648 0.17517974204653705 0.032886666000565903 -0.82108312345526646 -0.090564481981858597 0.0016822878756756546 0.035973557749936706 0.20914485302835625 0.027793265187333424 -0.19130312187905926 -0.10085497344420763 0.25138850254342382 0.30134520439411511 
0.02292028431848336 0.33170855683917838 0.24032374200908849 0.29549797690051166 -0.11524496449495006 0.51496984712594085 -0.062563140232970993 0.42029741997442294 0.061461873258284422 0.2297759747693289 -0.1432585502344908 0.18744813010508968 -0.41604777535370091 
-0.33569754220798359 0.03814728745751951 0.40987381304087567 0.36664158145504994 0.28091877112456881 0.46691180756765566 0.30738280192911099 0.088104468544436487 0.20183556814659115 -0.08256478353147044 -0.16905958864138249 0.32370037155770048 -0.057820077172737842 
0.39325241449929987 0.32690392909020416 -0.024022335489381919 -0.045989114352041026 -0.049857587351808702 0.11961559670916147 -0.41413982366726199 0.15971913303997509 -0.17692014687477731 0.12460919514755422 0.66233602062499075 0.016567827175437876 0.19022864241645221 
0.089527558918950284 0.62203519711305133 -0.051259782835249956 0.22349329628281939 -0.29734494726723387 -0.29534894259185102 0.22873146104360573 0.072895856293798023 -0.26563079697164638 0.39763766728070249 -0.050167739813328741 0.16897719939112901 0.24383965523097156 
-0.12169474622991627 0.47606763087793297 -0.14258552314840142 0.15761088917125468 -0.025114945120709213 -0.24132986559194491 0.23892462509425569 -0.37628901940249565 0.056375333448839347 0.44745339321375949 -0.26303973612788245 -0.3649567774609922 -0.223724918509704 
0.18329975020101921 -0.51826038117050821 0.16775945144068147 -0.035724625976736896 -0.28920148228038006 0.212182247058227 0.15514600290430991 0.29414472574036632 0.085953056788310722 -0.49203514019588629 -0.40062241167995299 0.12696472232236819 0.055071104991479443 
-0.43508294760755928 0.10434583489175865 0.30513538931700313 -0.2776304830525837 0.13630531546138097 0.13635777073812091 -0.20173336660753996 -0.28784418451899985 0.21815271633953331 -0.067621460803301489 -0.20252144251484966 -0.5084453614486566 0.34236002718754027 
-0.1951971442800837 -0.086277097814355275 0.23492400768622515 -0.24942252582871846 0.019443906930624824 0.27033935184513441 0.13303078243050395 -0.023895811104831809 -0.60880028826706323 0.30079127837698888 0.4369539948336606 -0.25996014486629115 -0.16032020235320557 
0.17377045301657804 0.21305999556524596 0.10598435898751858 0.31624821690843691 -0.17278466389094169 -0.31298965689485314 -0.39158548997673526 -0.14793862997449989 -0.11233828036593563 0.35714580145243824 -0.27342233246321107 -0.27457079483661584 0.46882794637773101 
0.25350716079733226 0.080181155254513969 0.18639405239372986 0.27472638999283011 0.31287286001774195 0.24155059196328171 -0.42788733276769414 -0.17013672016611989 -0.57282839299902422 -0.2542388558825307 -0.095033507166926365 -0.12615015936863183 0.18194116542269453 
0.051988757682399217 0.0030920648735953916 0.47923423664432263 0.3861228198384592 0.1951670566665564 -0.088497529331440616 0.16784763585738452 0.56702906461052471 0.10974039519977785 -0.34117059265238442 -0.02175825846631595 0.22575452857502096 0.20745043828040652 
0.33045869566319697 0.24864974629384431 -0.30624812311790778 0.12107975449557826 0.27735540698059558 -0.16788357750614893 0.090628789700305398 0.48459041754463256 0.48138050672460952 0.1703482781177339 0.011382121865708044 -0.33388816696100282 0.0036301161845803368 
0.21736464694831897 0.014764200803529963 -0.38289572164812352 0.62380702107803954 0.16169611242607287 0.068537546694429866 0.27049846039622244 0.24504866792673016 0.026376591315971719 -0.46942374449294871 -0.11290234177265157 0.12401536468585524 0.059564038646128845 
0.15618824574515575 -0.14291857788417284 0.044088652029690534 -0.043456362490020037 -0.10137055972509504 -0.63706308631342268 0.34911523880057266 -0.44490861150554328 0.12750513827075785 0.093723552185789524 -0.37908190518934248 -0.21291583798246774 -0.036315960756917898 
-0.18330106716294739 -0.21568574838930324 -0.077315480604061265 0.11283828843609607 0.38766425678797684 -0.054089611458843355 -0.48191578229481885 -0.49379790574957877 -0.06990361561710072 -0.19144622973253744 -0.12424812303363068 -0.45339642722585283 0.096631610669132117 
-0.091164779762119327 0.05480232148024268 0.051703097446577695 -0.14397590553329548 -0.10329503004606246 -0.22641915487843203 0.057438371858055122 0.25959669596378265 -0.53572433459674162 -0.4937071587379207 0.35116145896712797 0.42234273238727499 0.014941005790683292 
0.3249984141256157 -0.031160014832146574 0.39418058101426329 -0.43784924421999494 -0.1739724366417118 0.19462641018792184 0.066617106362873241 0.098476093012110549 -0.43343140601848268 0.08468423719459621 0.27094528499128712 0.11205510233696318 0.42782200504275392 
-0.012534019212672113 0.22153535661442533 0.59460692694046247 0.022285880270271542 0.045895784738617038 -0.011799441666888906 0.46243896889089636 -0.021215447304904753 -0.27956726053492675 -0.27414968183917898 -0.23391688469007213 0.29039330442808337 -0.29631756555788502 
-0.0083728520818349746 0.23689220022075594 -0.41714018050032858 0.33999530214243356 -0.36405340381511281 -0.13917768027183525 0.41704031164515959 -0.281855258332805 -0.082497279474182145 -0.098980982073036433 -0.33024137229863837 -0.077552814324133829 0.34243552755750295 
-0.26693968312970617 -0.47904247072211592 0.20362927860792956 0.51125640953527562 0.17290639200553715 -0.085429271280776348 0.428533784795054 0.091812504962757571 0.14025307249179683 0.16632383198624243 -0.14897284331227667 0.3121403531274678 0.013745774858734841 
-0.60633588554252493 0.34081234051448334 -0.029632209990322997 0.03279316511757327 -0.081741264253365378 0.073508374954606659 0.36271739832584055 -0.33071417303215722 -0.2499641610212526 -0.015439283781007025 -0.33954610152626769 -0.28045275068014253 0.067554707028994881 
0.047762505476150151 0.077032419533736074 0.13840436941999903 0.16722148220712821 -0.57179111676742589 0.13834967570048365 -0.12127947819353332 0.34097184388991408 -0.35797847389292925 -0.023705671852420326 -0.23593433661460081 -0.50802928004961823 0.15855732230956598 
-0.049997841552334374 0.0023445456345738119 0.061513897411301609 0.030269477276201575 -0.086457541057748097 0.27855771145302 0.038043274805860172 0.44796544266867144 0.062499971216914377 -0.17567443583729869 0.56205616815513193 -0.21878287862743218 -0.55413359992602818 
-0.31232538019060241 0.24458274671903049 0.38983353372147628 0.11790905366844126 -0.057663195376503031 -0.21473408694405352 0.52165688089145223 0.083263382865815291 -0.13319809526247095 0.46044589036027384 -0.28956725237811665 0.11855992245271893 -0.14355188625721263 
0.40388133072870835 0.31810159674764982 0.021570066036256604 -0.26422957790672658 0.035729061951900717 0.33929300284390618 0.061050887349646636 -0.04313372189082653 -0.13869424995449212 -0.38425664691243577 -0.55975206877873862 -0.17492800381028148 0.18059130683048041 
-0.25845924900790901 0.43843206853651079 0.052736298475594516 0.17086145384681289 -0.12432739994241238 0.45982041204869023 -0.15086839823121967 -0.50037737444586672 0.016918030906573196 -0.15736033792386217 0.17313943585476027 -0.39207645208296138 0.014858529231191667 
0.060214293903235329 0.022662516830295805 -0.12498729987708117 0.05120325024623526 -0.23783559594607234 -0.14636848061483385 -0.43966094570785325 0.52522347835687788 0.020695514661426339 -0.48828133216330871 0.18799275015878963 -0.36465975871075879 -0.15264704896668907 
0.57031464138972399 -0.15701650255767505 -0.37730137784174489 -0.2888590913875192 -0.2614859256100634 -0.024346509022187185 -0.13918736742085114 -0.32969190010650717 0.097869116913438026 0.24412608072180392 0.07010267713964162 -0.3114967588031804 0.23692421970415428 
0.15561599861548575 -0.29745290598250052 0.62879245785017002 -0.32655434275785178 0.0015576583149203298 0.12186188033589006 -0.34146954281813457 0.33300436599153532 0.030886971062922996 0.28373468604908481 -0.049348354962665632 0.23048229346103311 0.076973440020125017 
0.14610236491898065 -0.47044499964354991 -0.16728583546546416 0.082144981667807121 0.073436008647336265 0.021482241116446393 0.11051728357033579 -0.72208884069245816 0.30025959718057271 -0.0014821968101004709 -0.25296922326876153 -0.11814195282803673 0.12252992736246557 
-0.021270681439749549 0.19069544160631371 -0.21726973413818176 0.16155449514868964 0.090301750503824926 0.5490427994946897 0.20251807513319042 -0.39539463976821076 0.13398665089821155 -0.1085584066810607 0.51535103244084612 0.29098519867414463 -0.054106357177356942 
0.09866103627850159 0.2627278905121806 -0.38210855175717401 0.23063403368655666 -0.12513237247518497 -0.32361973046236792 0.53602775060542762 -0.044157691398812829 0.18543891695965367 0.048164190912123442 0.39106189164667493 -0.2515079493691289 -0.24389450184220055 
-0.36535365569438571 0.36447084060529289 0.44031442519572406 0.11498095281225158 -0.29492149827755748 0.22059830949910225 0.18468064894022446 -0.40282153322185621 0.26710363322114888 0.26841951338965014 -0.14930420112437193 0.04705389786562756 0.16329931484187099 
-0.42890722410860865 0.50499318324144871 -0.12068263621848069 0.02298214375161016 0.012161926313352462 0.064349361268249042 0.12673343071538978 0.043408729125361575 -0.056558247239158053 0.11981935537240157 -0.32147116276033488 0.19929559503393679 -0.6025575586278572 
-0.38059747596514304 0.049355186586551601 0.013186203236737304 0.33467206694912655 -0.14611162547268883 -0.46146880101702781 0.10814648570932224 -0.25296051381479118 -0.080151942288081118 -0.15480485342046885 0.38247560171398315 0.50378517967607239 -0.008224566874471392 
-0.19598402018809347 0.093431692875920944 0.16138843942201986 0.23555706987687669 0.37610610211706541 0.021392230253209708 -0.08133762852670641 0.25715940366630097 0.31093325523879389 0.30055341340194136 0.16254350388126221 0.21887394055429302 -0.62875208846351327 
-0.20311906267509944 -0.27914303610495772 -0.21225710779169391 0.14416570251450744 0.18383772345771418 0.18452062779523903 0.12020446932626747 0.3187612959328282 0.19195571030252676 -0.062202333152280589 -0.67277912345046065 0.1705884987761537 0.32959766909194393 
-0.067378882232289258 -0.021504227303534545 0.12461990239091275 -0.29730580256907752 -0.20118010553079446 -0.081165542580458466 0.089297121863858159 -0.74577761425418398 0.058643383907921974 -0.23677519635234115 0.42401739800473881 -0.17203070380889632 -0.10473982583952318 
0.57928187002594134 0.18967485756004221 0.15574951942089396 -0.20632785459253805 -0.011116458808129301 -0.10258301970717243 0.30639537456911514 -0.13367289306837857 0.22793248923540504 0.053001900393993863 0.34571918168913029 0.22411709047075518 0.46337976183432139 
-0.6117727905345488 0.20332139531522322 0.27722991558535492 -0.060626541136070397 -0.21675607784490603 -0.16450236355537379 0.090553750976720082 -0.34043248278917509 0.23080347499448764 0.025286757425841255 0.080099048796853728 -0.37881643828155204 -0.31921240832706038 
0.42788059769593612 -0.052178836150037086 0.12574138232733756 0.46521771012841384 0.28403233314732707 -0.076685322074248663 -0.3905622494945164 -0.15440420903927615 -0.1881619730433689 0.016294070566593884 -0.25066889681371951 0.46919913452317147 0.019221504373278495 
-0.50222422054678695 -0.21716493661398176 -0.033872411026792254 0.007733720081677547 -0.54122162715884814 -0.22341135343634769 -0.19998029840541814 0.30903777838866542 -0.22147029576733554 0.17819122313698968 0.2316421217846501 -0.060987341007437919 -0.28791385676572478 
-0.083607112788324764 -0.29754965098204039 -0.07714778022569263 0.32193032123815285 0.034883176252360044 -0.085213420297730685 0.36850004145555582 -0.38053090832817421 0.049434293055107964 -0.01533013112898314 0.3950801176631365 0.19595908526671177 -0.55555549112013769 
-0.16603268519775366 -0.53110806880840167 -0.28537467413104822 0.13505603876642122 0.38221193196487135 0.031008325573225186 -0.030532946287253351 0.200158119956584 -0.10422075883926708 0.39718142392850569 0.1001594886289707 0.2728636302129922 0.38669624193015922 
0.58633562405937967 -0.0028109866352323664 0.069310669740613742 -0.14768002987434634 0.13387059309347127 0.12279777709702631 0.21085271557490054 -0.42429244891400469 -0.55866925783674215 0.07023100381830448 -0.067014788009716011 -0.22442299881211403 0.014328180852436928 
-0.013135029637300758 0.45533919532003286 0.056961633712610663 0.12750615767662035 0.085209672611101114 0.4575762179212885 -0.50825041806868909 0.29625167071246272 -0.020937230467203225 -0.20905931252188528 0.23987574146828766 -0.2738114561647183 -0.18334057984183114 
-0.10348161790025723 -0.41733464271235021 0.1792087087918931 -0.10199213441380683 -0.066156185457700911 0.14161848784555983 -0.17034997787125683 0.35894439303927417 0.35938634606459652 0.47483086397587193 -0.15998464006941726 -0.18273331393715031 -0.42036070288310984 
-0.70826127726759536 -0.013148427678537319 0.27659917637709247 0.23608065411271772 0.22704444186033643 0.19100310547979843 -0.40455091474270372 -0.2948269117785759 0.10835849917802509 0.013774016684784183 0.074749462753626109 0.037634929643453004 -0.091657127123113386 
-0.16300130434747406 0.054572709903345097 -0.23323649248169381 -0.29201588183294497 0.51802782882209186 -0.22487154246262731 0.071197831408164811 0.13454809363127312 -0.52636704290491065 0.18299878114034582 0.094921000630509428 -0.31170023541842479 0.26827158595422251 
-0.0012354922089164336 0.017528772719086642 0.22931842509213024 -0.53404925153477212 0.1704001311302818 0.2915383028231448 0.28608698639972407 0.046378432064899909 0.53205292571220075 0.089439987801871498 -0.15073991663324665 -0.37432530544940545 -0.099731535337560462 
-0.3729187499139941 -0.24516373198500721 0.19099976842590588 0.58738848787678022 0.054507271046686019 0.14569668330123112 0.38394000321322364 -0.13644412472791617 -0.17391285225073017 -0.18129656102544972 -0.31262902196758535 -0.18009264836579478 -0.18923615220491163 
0.041755965358853578 0.23810297989805551 0.12487479882744111 -0.45714498882625382 -0.29892879083578505 0.36570945322395254 0.23257976842314926 -0.12702706819078749 -0.53620094459829515 0.11558933358724957 -0.28364520485626843 0.15268296054256153 -0.13790600974360434 
-0.15642003600263577 0.16917025937552765 0.33029331080977392 0.027060054192329517 -0.086977930788568747 -0.12307253620497219 0.63024884012132742 0.097135318620472727 0.01719023227503683 0.28539509735872787 0.38888228854921569 0.16143247024778792 0.38560556958058417 
0.37182011487995431 0.48626669778152143 0.19243090975963767 0.24456876916085984 0.28759612660365741 -0.14337952191418926 -0.01189096117605461 -0.35829345031084675 0.19831077449217208 0.13897601123942602 -0.29279933609023573 0.0085386749629632903 0.39015419633743559 
-0.44763398370807461 0.057260923035654186 -0.048283544763721507 0.22468865959346329 0.049087688645451225 -0.020137745979900749 0.51434458356296597 -0.17029194189294955 -0.49243098487197401 -0.24857061149772611 0.24300995221225816 0.099572434915549304 0.27188187203710218 
0.36603181901269172 -0.12889848948556976 0.42670052011769954 0.5419353258408014 0.052284219588078856 0.057332870737912579 0.43243621092494056 0.30389487478670069 -0.086213586483031054 0.15076025417129763 -0.23366453700836659 -0.051900901011502486 0.028469815186923531 
0.21780863353344054 -0.53477733200232047 0.080341590804984403 -0.30650123621758807 0.47071176309610668 0.22281895644970567 -0.15143828134995307 0.15902853411088788 -0.14633195063355975 0.13012518794560532 0.22228418775095593 0.35195370902041884 -0.18736613513997069 
-0.33014125086168544 0.082988923562029623 0.38530378526716286 -0.051992327583272872 -0.3103773033027119 0.10737113615383043 -0.30204943687287605 0.040046830741161055 0.29102836993125508 0.32473142482138739 0.50289331114693803 0.025879882347029624 -0.29755281992733135 
-0.28525371036608793 0.16328875585200114 -0.031869284812844137 0.34560964898019936 -0.37079452410999303 -0.14782252286195419 -0.22254245252912108 0.15459328484150814 -0.076742844737854171 0.44037054960305172 0.20334674654764576 -0.47128308052351814 0.27471401745377361 
-0.11074221421170953 0.082833444405136597 0.31418555780707375 -0.39808406655656192 0.11032133342607746 -0.25043197231487341 0.054963237867287178 -0.26043672956214298 -0.5160156453634267 0.088927882745095471 -0.41874157365598896 0.22244562070644036 0.28097900711918794 
0.27704482997531138 0.067491796453548553 -0.19752594009240315 -0.14659188007390997 0.10058566762474873 0.020330369739447372 -0.034771222448910989 -0.25572492508033645 -0.015101777081325197 -0.22428079168645124 -0.10599289080285566 -0.71307263388815278 -0.45914404744893395 
0.50881302357838187 -0.09339467570630676 0.20311350722219584 0.054523617908446044 -0.30604419993427417 -0.15927460505611338 -0.11354412303960845 -0.19769962675344513 0.32964780105957792 0.47287503400784942 0.42350906807157507 0.046631998443681502 -0.057766884001912371 
-0.47809388575806394 0.02170464936292351 -0.19889531698183935 -0.33132013179574737 -0.22501626984322748 -0.1984478231357224 0.38519525191262988 -0.34371578916515577 0.26183684735151336 -0.065007228404994247 0.23551971147816583 0.26494979224384302 -0.25814836905684729 
-0.20869570976799015 -0.015763039715928909 -0.28904500728144605 0.26419464427243311 -0.01727971050272066 -0.33630021351191203 -0.25871489440419787 0.083884063715240056 0.19488314484634492 0.3573308717756149 -0.13395924513639296 0.64921267991016696 0.10197289389260188 
0.45722468821193424 -0.038916610212941419 -0.028998974160209395 0.030728001206029115 -0.32083420676438862 0.17549847063395899 0.25582103870793105 0.40150605299887099 -0.45304247819212501 0.10013526952219896 -0.24791062484564907 -0.078634027754229965 -0.37992442410600874 
0.33833223732524631 -0.05085496221689121 0.071643728833796022 -0.046679364834397587 -0.18097584933746699 0.005404823887381731 -0.20718115844674681 0.43021700299407795 0.59153210557344404 -0.41406063145727667 0.027260502787074727 0.19529502933542786 -0.23366940072325346 
0.18343886091606337 -0.25613795501141251 0.53255543335603317 -0.0082563885457021171 0.1427183747449407 0.39532379397468781 -0.17177421165306814 -0.19960747433998807 0.46749905518276957 -0.27710556714672352 0.13174958489625507 0.21368519339833 0.11268956316904885 
0.68611720765918049 -0.35378456358752475 -0.0094397999270039949 0.29632098882868457 -0.085122084058468356 -0.091062364677400254 0.36054539271497693 -0.0078056554066283706 0.074604582244796658 -0.26265219823029312 0.10511124619473793 0.1039717425408194 -0.27236349151079381 
-0.59002430229264058 0.29519559797246525 -0.10982611177847114 0.24004491520423293 -0.14248568863764083 -0.49234433524316146 -0.11573818398605133 0.19557831532720579 0.25611674247414656 0.31760080373952448 -0.050238480243843309 -0.073562113025462228 -0.079340275051479656 
-0.042306467953646912 -0.34193150024666497 0.23936693029905787 0.10324456437067153 0.047606700347960607 0.22091201821101072 -0.12996751806312648 0.19389271395701765 0.18521334051009164 0.12670590962776559 0.18682840736240658 0.54639526696394225 0.56918501028628776 
-0.13947770985707761 -0.33587228441345535 -0.10584274242747128 0.12929353944385769 -0.17104731161883482 0.48576041684632748 0.28952503358368481 -0.076811492666730347 -0.296933826809057 -0.40845889800489199 0.42633610309252151 -0.16534066959740074 -0.14409294569642905 
0.1518528910171609 0.22637172566105554 -0.2058966635988535 -0.11815129372174536 -0.086651757906976545 0.30090065109684044 0.058784555064528086 -0.30999974787595225 -0.19941833268539 0.43905402048145165 -0.13480945697509086 -0.61020431396951014 0.2206335914059257 
-0.15425889001571833 0.063103678086162268 -0.082411069394495468 0.53635072274210815 0.32502727109338364 0.1081543716974968 -0.1267022335987083 -0.072915631990770988 -0.11759164266701046 -0.48375711654303588 0.45300168580986516 0.0091063236766123004 0.29309725919998242 
-0.085644526748372543 0.038929292184517197 -0.55229896269255241 0.079163920961199674 -0.29366896635802586 0.070901451211530006 0.43354570968447964 0.22505846258965137 -0.21064697233394994 0.22748088602924108 0.19450874733720416 0.13736196691076827 -0.44401027005432947 
0.17313516698169806 -0.26894166716130474 0.20330424563189201 -0.4178621268882759 -0.14446238162465772 -0.33189290330201149 0.204611809177074 0.31539280122383573 0.37947899028743637 0.32854128969791779 0.31352758656101654 -0.030295242485233676 0.24131161885780167 
0.51375918960711964 0.7377028479142812 -0.047832982385525524 -0.076135663803271955 0.13863510281554309 -0.15480775110726208 0.0095582617367743622 -0.13511490831394904 -0.073074495348488935 0.10354305293979915 0.24862747158581563 0.20828773145935692 -0.031119046079286641 
0.03828185696371024 0.14982735749811985 0.074918392249992333 0.38581936354740098 0.10803722134823443 0.38029899163128444 0.30252018531602759 -0.2461502453647734 0.067165682070243371 -0.0024316647570951028 -0.36312860789851992 0.30442638231741787 0.533061155564026 
0.071486193091598246 -0.15942297008519635 0.34353153647766688 -0.36218850107581163 -0.075800741924930248 -0.41500911737337232 -0.087870304193783208 0.25789198654342266 0.21548546675479602 -0.16095458703386653 -0.066111149527370336 0.39538664226013137 -0.48479911348833221 
-0.024149885602462808 -0.036828472198010186 -0.075198802638518067 -0.064327648136168522 -0.066550630891258178 -0.2069983814874167 0.19546150680715441 0.2213073116499924 -0.11552130651430501 0.28973774030043875 -0.75985227267573063 0.33719369618085748 -0.25581223922378804 
-0.12883763113366226 0.068577204870178154 0.19240751906000036 0.0064085933431244409 0.18049486405833842 -0.74705392299641238 -0.11244021689973997 0.1370365437762664 -0.011299909884334505 -0.28305775519364446 -0.30309369101355327 -0.046122311620882164 0.38118774625385465 
0.1424519855905477 -0.036446284639609028 -0.010561582371193883 0.57393717885708151 0.15072763952964904 0.19587725530223521 -0.087492658331067577 -0.27646106754822608 -0.15022257937050273 -0.50563285628035337 0.070677534520190197 -0.2959756965871157 -0.36450366896229597 
0.067098134387679212 0.59260033430700709 0.019566807925820832 0.019910705446059003 0.18377895361385019 0.2801081054356982 -0.055208076296621562 0.01266975226978022 0.26870164424795401 -0.065693074222657841 -0.51480546767710822 0.43085072840649324 -0.03043855783364123 
0.00011228471586294439 -0.076124210456660069 0.059349611723779123 0.27829363036057414 0.49927911092643051 -0.48347352739427291 0.13251947353444635 -0.18585293401397285 0.00095526813654661083 0.06090093998841821 -0.38075162199319923 0.26197776865745914 -0.40098925006486891 
0.0093945285469685738 0.40867408316635573 -0.070122756393115909 -0.07765561090387739 0.22190163986138645 0.055261164875963116 0.1396690316991244 0.52503457559727384 0.46644724491055684 -0.10281273189767032 0.46165909377155506 0.12869537021853664 -0.12904129689724866 
0.38132247231886218 -0.23686884226695457 -0.079271732077978066 -0.22641174747542775 -0.22540458385577458 -0.14479183007530438 -0.45852879247577638 0.32602977775937914 0.20338430796244533 -0.19274611567220409 -0.42562775646088197 -0.11587988473219478 0.28199413147048419 
-0.16666011375648332 0.59202087663281855 -0.20902682530190522 0.14718770620334223 -0.046419304364337673 0.077019364361606599 0.084875594966488735 -0.053060502484681381 -0.056899273020427042 -0.33085396619341761 0.25003237074186752 -0.51531942341561299 0.31225160836550792 
-0.44115673271965239 -0.40011636273411944 -0.45298118295884043 -0.22406906633455739 0.15497557736681788 0.059667139195186618 -0.17335777019773005 0.066714268799323698 0.060633216932246423 0.2523381157630934 -0.34437240417147646 -0.35541507519135346 0.12467673209503097 
-0.66190059077924446 -0.093969494897083963 0.16156987099998515 0.071139350774680615 0.33367633516843015 0.20879313491424784 0.14215216405598516 0.266139161720582 -0.22149438152499773 -0.04394005344486316 -0.2595580714676311 -0.38606382638058995 0.092270204713626999 
0.2165930383058568 -0.06893730925797012 0.092397961590489297 -0.033731895907925712 0.10648091440208148 0.074431718253210211 -0.40317234180400879 -0.014637635216061014 -0.21123886171372058 -0.75389676038894526 0.25659255106993117 0.082030454400534178 -0.27105073497562027 
-0.036967779592323127 -0.3757099305309366 -0.24365379176561072 -0.44292042218232075 -0.38357672852114361 -0.23506585595967708 -0.43099537129358362 0.25643515075717283 -0.052308190613693115 0.36009221918550949 -0.11523336864272997 0.041732757619087242 -0.024572248425255679 
0.04439968421347517 -0.086789544775051936 -0.24703573848717206 -0.15452403354719857 -0.60508573847759028 -0.016502431924604967 0.22339036498426015 -0.11929136356085905 0.27411692019759654 0.12564101255734705 0.61737105928819003 -0.049677090133316247 -0.022727869757003569 
-0.17685594029403268 0.087130098104362091 -0.28088711687802109 -0.051437750371688122 -0.17589128219021671 -0.30592630416269967 0.62618434134456236 0.28386096398456923 -0.074199390875157423 0.24856644599315586 -0.27352119521198159 -0.3745204725233216 -0.0020318951634780368 
0.10819365524488356 -0.025402386770039777 -0.33384848338411011 0.32126105115759485 0.07289008602873262 0.25356223039676357 -0.084127672094173905 -0.53796957886569818 -0.12581594708167623 0.41060117018663678 -0.23148999235690476 0.31694606820983978 -0.26158072621398054 
-0.27067004003213552 -0.14850109040996085 0.15117838861730717 0.48107486211867978 -0.23967755813432373 -0.39046750603892239 0.2488943428575488 0.06610016729807669 0.15479724385926888 -0.17478678988405766 0.25147160850621364 -0.27887589894256243 -0.42266659524935873 
-0.021537584018632403 -0.22442494633804588 -0.02270256875820716 0.4227474602611751 -0.10795379260264924 -0.23241366940823144 0.1262840764309377 -0.30497658411677442 0.12012066315414752 0.26678530082755963 -0.48930923026096768 0.25945297363299802 0.4505191399550475 
0.22863660182979467 -0.25543151402336395 0.32629106002432634 -0.30883536553237756 0.19692825982782222 0.054384062878307611 -0.083205866783577803 -0.095366233281345941 -0.5208249898552344 0.40730583627940631 -0.20052362191448422 0.045024002808108192 -0.37879415051074472 
-0.13340918065932358 -0.15820899420200718 0.1734168428009405 -0.099228803578888969 -0.27284110639368342 -0.059712389753177365 -0.16704628365669019 0.34709258384802588 -0.54669473644753064 0.34698839786438856 -0.13239424186896448 0.47877534322702131 0.15759580798529704 
-0.064596144931226368 -0.60849670370264597 0.076855451888848805 -0.49151658681917898 0.0048720039070815988 -0.1717934603849767 -0.19551203943833487 -0.041067995468331203 -0.066152576001968041 -0.16586361471363154 -0.36649512167854359 0.18583633203704134 0.32844299087157308 
0.62748511016765807 -0.0047436548781839621 0.41933817784623589 -0.32484869882052103 0.42932030736845361 0.14736143531658857 0.15706483792980416 -0.10942621848855576 0.064526333871931185 -0.10943740115791474 0.22453928817805877 -0.1160934574934913 -0.0464563757078571 
0.30170451301108309 0.33395306595050778 -0.30973892704762063 -0.43763023139908214 0.24693897922173103 0.11748320610054355 -0.26862765709922948 -0.20253435077624909 0.26431006202506424 0.12603909500718993 0.064155470155317265 0.36738829068721918 0.31175860338956701 
-0.35553528798966738 0.068398563925646846 -0.42329902131198271 -0.096129641038021268 -0.28275256479437194 0.28361481471483269 -0.020792093785058294 0.46285963652272921 0.046493977696353536 0.376850505333028 -0.39658351044617107 0.036326070593545506 -0.051570711779311301 
-0.5374240042692755 -0.0027286293637002507 -0.089227650440875619 0.038954348920859354 -0.30685428805402098 0.00070373252353103319 -0.079292453327325166 0.38686013043665118 0.52775380841054054 -0.25622770161983899 0.17466601467892973 -0.09626111429011 -0.26005718625676194 
-0.55039344077093733 0.08757081659867999 -0.17320142403678443 0.5253995372723419 -0.092782308879232098 -0.12127126720291902 0.025353491012564466 -0.061771459358209296 0.05798120171670168 -0.20195372377700613 -0.49423234910228836 0.25354983133342268 0.053674551010627423 
-0.011910039037114016 -0.15883931610390814 -0.0049190398309694227 -0.030714736269858475 0.043748218674886381 -0.45694841865837477 0.19312573674813752 0.36938824156349742 -0.31422673248700445 0.200146520704545 -0.11686050666081349 0.041314692961764904 -0.65957508478576699 
0.1418668415228595 0.015963539861311098 -0.38021888020799949 -0.16270484983935082 -0.43011961168599 0.29487621414311121 -0.30510130134043534 -0.071208596478900515 0.18797652377550983 0.36941982589431788 -0.085580848276516547 -0.10614128385268343 -0.49806739939792638 
-0.20777483324210697 -0.20764848446859585 -0.16804222653442968 -0.29802187461766561 0.34381280268283176 0.28697554808543446 0.081039439669958843 -0.32632844007679629 0.029515222509099829 -0.032296054056989244 -0.60437166239304208 0.074411024342961901 0.33214508506432311 
-0.39701067233520931 0.02679711341818198 -0.24587021089393743 -0.015399913015162033 0.023722419058129315 0.071289518063282362 -0.082875969499368818 0.14864335050872132 0.018255150361810635 -0.0061768038291171766 0.58239922406263778 0.36953888846695826 -0.51985349149301452 
0.25857510207284568 0.54204894192186248 0.04091355505362556 0.20359128103736657 -0.17122185887676125 0.029442310791750897 -0.56802553983270765 0.19423742712814035 -0.35037274150057035 0.12773447162511145 -0.11313569628860022 0.22056156666914573 -0.071479522466565457 
0.44093279278315006 0.085843370969098248 0.20874855741282039 -0.2413880487287573 0.080715325700983526 0.066739968469431851 0.52952385506594657 0.26607026243153709 0.1801138556730438 -0.49407813587567201 -0.12166214096742915 0.20248225452942831 0.04303495660053392 
-0.70979124505343671 -0.00073297457744437937 -0.13180610690559463 0.0061428617615572187 0.26413378745070037 0.011129598716602908 0.13391801461823138 -0.29281639955865768 0.34189834990763313 -0.2381626946025103 0.24931233938343425 -0.14247538804848167 0.22169220319353719 
-0.47103280844707424 -0.43383415809036363 -0.0070444040917073585 0.22218933532954441 0.09040103203480529 -0.11234240987853492 0.37252488374514448 0.3324151893846104 -0.28780716332666484 0.1315775624286947 0.21270512462897678 0.019644420624748089 -0.35306584369229477 
-0.56253230209697991 -0.24317543963078311 0.0028729608493712274 -0.51542466850884494 0.047109117227504493 -0.15575075905473923 -0.10101587791527893 -0.19692213314107099 -0.28600925750176687 0.40096541381558415 0.077586651984066918 0.088334277296294991 -0.16399688502491791 
0.33942627309194318 -0.23621450592207441 0.38165018941007867 -0.10269451772103821 0.24996087162652075 -0.1023245195076715 0.12654980936712701 -0.14368730218238834 -0.11201077230262152 -0.46403669259113589 -0.22191032417487166 -0.194647410840351 0.49816620708266052 
-0.21974545794398989 0.40091629102258602 0.25062448491866873 -0.37361355820329001 0.020127124245653827 0.13595805197006458 0.0044567800403870102 -0.41983150392108104 0.18834608658371352 -0.48010338067035208 -0.27556683238780227 -0.21006561209223384 -0.085861198654082913 
-0.010008124675276014 0.23337603966983386 0.41286970860914207 -0.36802129460515365 0.11322910027810183 -0.3744961233165176 -0.32832180446028431 -0.064622298196452391 -0.063875405286193634 0.051187934137504394 0.52890471070893086 0.021469033322037447 -0.29596213159439538 
0.19144075711075229 -0.028967535829965758 -0.18773575379501739 0.26256586042077457 -0.14023114021093863 0.12147942986548323 0.031614427186669083 -0.25407837736804395 -0.33333608367916456 0.44563188969209055 0.040142964880002699 0.48782119958769693 0.45723817586248311 
-0.18980987265660448 -0.19082227744142946 -0.20018359699437119 0.28058276072749438 -0.22434593049857196 0.58079340420992787 0.022341100978397338 0.018790236547374769 0.10859137136576527 0.019160610276629617 -0.013652826431648555 0.51818259427512769 -0.37335750195098238 
0.21769688478286159 -0.22676275185678679 0.32623372291962827 0.55583188625934155 0.023648277809709479 0.15643096273591675 -0.50375554312722171 0.0760918426972821 0.22948487029485198 0.10517093545724193 -0.077563695434784058 -0.10036673738362141 -0.34843342246332548 
-0.19513447734618111 -0.070238299718961755 0.064981087439797205 0.11379038594731891 -0.68276945693121893 0.1618684666463657 -0.042525295906467475 -0.15873411297118264 0.4772689809090892 -0.13120024088246288 -0.12142825477780839 0.20231848746696171 0.34606516343649091 
-0.23294726640147989 -0.19577803294819959 0.51530320557248688 0.063911868876215139 -0.091083769468497389 0.27666019779803752 -0.21975440993268341 0.034977611846242457 -0.24143921700613269 -0.24748866819806889 0.5532014569932765 0.13645836434245256 -0.24338362003105915 
-0.29443511203286227 0.15838257203629125 0.29414732542675137 -0.56661639644890105 0.29542672424812233 0.18726202160338623 0.22422399221296871 -0.13792905006215633 0.4241548872571409 0.099706500280156748 0.20002867220236245 0.23548871154392528 0.060713611958842145 
-0.3473730913522235 0.002561286336929528 -0.15139958436765097 -0.11764366498764266 -0.27184612732051522 -0.10671457794865176 -0.51988315055285006 -0.28719265542787548 0.27584967565490781 -0.32414372485849718 0.27974722932429064 -0.33001508522337425 0.19022726617974178 
-0.074980722900888475 -0.44627897940079631 -0.25427332964371813 0.19362441368593822 -0.36199941698088967 -0.29831439704828533 0.08974232626165575 0.0051314670720945922 0.14522381425033368 0.53382113542649967 0.21213250359814445 0.13304937736927674 0.31015359546899351 
0.36305868701731797 0.094002208201814055 0.19481885102059204 -0.47924496448125764 -0.051493439870852663 0.27974993064415637 0.076703966905384169 0.19362324926482444 0.24929828761830006 0.54025267382447373 0.2113863204500602 0.23654301559287386 -0.11303730454008831 
-0.16873424151178187 -0.10476445340748447 -0.33666162471619199 -0.47582337859549978 -0.17585603537658376 -0.10759346851945363 0.0024181019402209217 -0.13711622715957925 -0.50294042143949302 -0.15253300807189452 0.52563132896483022 -0.073784195717376821 0.039345058889465344 
0.11715769619804961 -0.059942626422692803 -0.31815059750358099 0.19649775432332903 -0.099942463139555876 0.42918335695628601 -0.32884702242302355 -0.053503605116588367 -0.27862149915779533 -0.22112580256908931 0.23224704369966556 -0.47073915127871513 0.36823815345627742 
0.12357199111149905 0.50699860962553589 0.11441686425758596 0.41602815899123047 -0.062121814115625569 -0.0040798271187762122 -0.34457983115130908 -0.4815113700390995 -0.2544198835328445 -0.016852217650914124 0.29488229117824116 0.083180026052929665 0.1678080567121126 
-0.1488685500569904 -0.080854871623570038 -0.21336961438362387 -0.1465659973384108 -0.36293841246648284 0.14777444235264442 -0.3444216236619706 -0.53356604875415847 -0.13512861102257079 0.02612192809184799 -0.27626476245934622 -0.49876440587947413 -0.058151974533099469 
0.25062247419275246 -0.59780602675808647 0.24255609504328302 -0.36580798736466075 -0.010636429048463467 0.14743649834294589 0.28554782565832376 -0.041618123253402833 0.41487379627494048 0.12872845178159659 -0.089175926087323804 0.23596504640112931 -0.17240641896586187 
-0.24136448246866393 -0.24306294015001317 -0.37592236607927826 -0.25913677384977546 -0.075539548638183421 -0.55969606923704884 0.13277393482015795 0.40145417890405388 0.12807890686563769 0.36312452528802058 -0.14767721935288045 0.071632711997763776 -0.035076747281251305 
0.010111173695256978 -0.010729076637312523 -0.43391155017070332 -0.093488892950822869 0.5277689391001692 0.20346235386018638 0.55823196498582672 -0.37808565788255022 -0.097006364888553895 -0.021767867852556955 0.014762146462967082 0.012076074553396545 -0.13418920677195584 
0.42442104368533545 0.39416498279653567 0.13163189159336161 -0.28784341606249619 0.21070901877639878 0.068782342200137001 0.50538509971282441 0.35545948318089499 -0.097475450570629826 0.29595570632869062 0.00341294360239895 -0.1049931135877006 0.1590555466323923 
0.015055902024857581 -0.060023948831744375 -0.20323613196966239 -0.64053146569108876 -0.19761766433772326 0.40876231849379968 -0.32466433489113811 0.015492087556014189 -0.18693411556586437 0.082950953650111653 0.18524101575397905 0.38834360291450082 -0.076475093857995127 
-0.075668763600280076 0.19245926703133842 -0.10203925762807835 0.37276537395944565 0.2829318966190707 0.27660391483265245 -0.071007015072373503 -0.093586224601298201 0.013893084409338024 -0.058381084003095815 -0.57100719124011667 -0.41908723939710835 0.36362395100092804 
-0.23157640782861971 -0.095665627266421721 0.25575756252137821 0.35242692747461901 -0.25494312669772512 -0.47333374193244737 0.45541818247549082 0.21959024677881681 0.13810294671741133 0.041222387694419424 -0.41173098409476139 0.10834722853624262 -0.030068659009095205 
0.18269646719553984 0.61574624251833499 -0.27676878556080636 0.1067719050251387 0.37837298214051712 -0.34156055582910089 0.15066277367667252 0.14787523776365541 0.2284203509506684 -0.29788175165872927 -0.16011279850325882 0.16888463249788757 -0.0037093219502663585 
0.022944054804096833 0.11230442351286833 -0.162320219635298 -0.52941949377878228 0.0078589007300542101 -0.032740045588683452 -0.03798797841204371 -0.31325431652668223 0.46144602763800169 0.58750604005374751 -0.11876086523817651 -0.0035852412240827583 0.085502198168271162 
0.32699072831881115 0.11363894654893425 -0.14577470281745661 0.50425996521493632 -0.12003829716172179 -0.061960389467264725 0.35260687349708886 -0.4303568316932338 0.1582208035487937 -0.064331562162541156 0.36925854975969707 0.28583912085070329 0.17210384163233355 
0.076344888970314911 0.1340443855710767 -0.27361198475178261 -0.47507120249720858 0.062594467731785342 0.28491141387075597 0.34697220906814658 0.34253457813255483 -0.043672754911932156 -0.0438854027361784 0.41328930301476346 -0.33656847455916311 0.25478527941792156 
0.033646278073735755 -0.21667965772881462 -0.1177123681712858 0.18474203802852213 0.59104006702471268 -0.19319104753532931 -0.41532496938232388 0.066740040811571116 0.36645231191696759 0.25410151011181281 0.14322456557466065 -0.30690326239834098 -0.16362782080490398 
-0.028810161622790646 -0.38564765713914095 0.13645491042007155 -0.31831929180285351 0.44008754941353423 0.31634494282265985 -0.17230979872717392 0.2293484913142057 -0.38498194052807649 0.076483240363880517 -0.13949697035013803 -0.16817089487519049 0.39071030010180802 
0.47837202230608383 -0.22323348192420869 -0.4120814384655786 -0.040508223541013237 -0.22263392257111811 0.017600292347720401 -0.4347873480627768 0.06139594279744779 0.28361474228711719 -0.060310506917077449 0.46280991548522987 0.093078158207766576 0.016081617733192381 
-0.45732027441899953 0.23964128752207062 -0.17836506121403639 -0.43180943837406199 0.037482823765503319 -0.25484204221363238 0.18121881682888505 0.11155669988056185 0.41126196792664671 0.036618762469799566 -0.2281252461799379 -0.24662264693824695 -0.34667124255687848 
0.34991011264006866 -0.05602337081631209 0.077955265666441967 0.10693219560389153 0.40381960917351184 -0.049972055975151718 -0.085792955848937966 -0.21076107800984722 0.00023544158618506565 -0.098974077606420408 0.67638576793531668 0.41489035069781582 0.011704573713237652 
0.23225663329895488 0.3215309568464213 -0.15492187730229401 0.04313204561273757 0.30098034639929866 -0.42537253784189477 0.097968933505659633 -0.29079730216383715 -0.17929117310147921 0.035016311750823759 -0.12129224039477855 -0.59348026808226595 0.22543178099379979 
-0.17830311890912987 0.32825523731658751 0.26230100093146153 0.2948466746168123 0.22229266662789046 -0.2262719557712882 -0.35833586428811315 0.46858756947971714 -0.095044932914987529 0.26660427511329837 0.40881119900195678 -0.024284188833702022 -0.091107045775387044 
0.07247034606328763 -0.15247423326848461 0.78367157086307204 0.029117364338128886 -0.29531111804396104 -0.20613247764113823 -0.12740974221672013 -0.32158638803486722 0.22817757228565896 0.11264172134679828 -0.10853928257735188 0.077278684567167494 -0.15701742022076337 
-0.2066762625334905 0.1133899678509012 0.32247685797318149 0.05546771586593352 -0.011848611278253552 0.54804856709852467 0.063673447020536872 0.14389736279368209 -0.55937354780857784 -0.39309859540340686 0.0044560623445067211 0.17487638383746715 0.1186355262563569 
-0.079086628009665816 -0.4747846392972157 -0.40518958482367395 0.04939688910859192 -0.028146247623170688 0.32558929416925214 0.02055568243744188 0.071807386293116213 0.59176748041978811 -0.35593586787383152 0.036955747828784712 0.035459211678320071 -0.099119053681705607 
0.44203785013881114 -0.0062354798110150237 -0.096886435145084493 0.13303801365306162 0.39440023640656341 -0.33622755794095038 -0.41216174441939213 0.21512694696470669 -0.44277022560660179 0.098021497123129492 0.020036279006096343 -0.12774083169811598 -0.26523061707373141 
0.1703261537346708 -0.00062001725845710635 -0.23644466748718992 -0.51548243568836771 0.082260856582186001 -0.11486191446695274 0.41760997527288785 -0.33370391320531378 0.4902823813931001 -0.088507042192328911 -0.23606954813111408 0.14838541799666416 0.13299067538216902 
-0.088080563787144378 0.42760544531487582 0.33014616372078132 0.32514560010663984 -0.09449010363888001 -0.27048568974015169 0.078597658292720557 0.21007755608807396 0.23443908803180216 -0.16958750126884342 -0.078814218265548089 0.51952904446336778 -0.32005385735091207 
0.073963069121041836 -0.37390239458295615 -0.017031224021619867 -0.20720396653895426 0.58680760880380423 0.020193129462997842 -0.084534635471054137 -0.20299298749694772 0.50656276626530139 0.087872893291901524 0.00044368714689284322 0.26445823718349293 0.29005842511663005 
0.16125749085297927 0.0051690252673056939 -0.35184918434930196 -0.1800413062731718 0.044339823556290368 -0.062616290205947708 -0.17565627323522909 -0.049216142188199176 0.60238765269152306 0.092153528105773388 -0.48617979724921523 -0.38562036875758637 -0.14884685649103235 
-0.036286005126884881 0.15625899195799323 -0.23446537393447461 -0.26722317759336162 -0.023797403290881029 0.30861114526904859 -0.20253859232300719 0.51325188022518509 -0.23725633198279966 -0.46732394043391218 -0.32545399300652478 0.053991102331882021 0.25319974854021376 
0.10936425011118145 -0.069214060548958414 -0.60036123787354001 -0.16948027786454248 0.13310908406372676 -0.15185369407630764 0.13083855899054561 -0.37665522484344383 0.44230615875441959 -0.1447503682467102 0.41456198337675298 -0.076492685803646862 0.0051047317254509506 
-0.51319881366801223 0.45748523131307289 0.12565105811609534 -0.070138161660254494 0.18507202872135883 -0.44682825122833381 0.2063914508159938 0.17596015144184274 -0.014365242135210066 0.03382571144518972 0.38555153613671361 0.17780849772051532 -0.1324528408975619 
0.045071450012865916 -0.73790125936613638 0.16587303497291839 0.27586771805222915 0.45164363140472769 0.020161279636165211 -0.088241054441405009 -0.10969168463758337 -0.090019175448745284 0.20237477773338289 -0.084633836159267312 -0.1518291374261366 -0.21534219759919454 
-0.24046249310797396 0.11457900229251013 -0.36179134754528375 0.31635741468999651 -0.28587347699568222 -0.16603449355216843 -0.40468627135727231 -0.53489056335554308 -0.093585088511559708 0.18916541436144921 -0.18135414116010268 0.0595914454932839 0.24067045952762742 
-0.017663389302227866 0.14804744434890893 -0.47736939679329427 0.2748204521438723 0.14130954811440316 -0.35473768174999848 -0.36008408657769403 0.22959990446781001 -0.14282320740581089 -0.054235538478351643 0.41544656888579218 -0.23153530990179455 0.31085985052907933 
-0.23542201675266283 0.13376935216613806 0.64310323543837444 -0.31150174815601689 0.35405423180777484 0.14174488565247845 -0.20000577120378307 0.33191527858736525 -0.095143778325935846 0.051557209169556209 0.24794274687591888 -0.15030417755037548 0.15707837432462124 
-0.0056402721922891742 -0.65819068903909717 0.14117192443329152 -0.10845107525228324 -0.43776016079491181 -0.42715182206042329 -0.17723277138664179 -0.2874264986180774 0.11236237812726824 -0.065009576430852298 -0.13602588133583393 -0.061339404085515768 -0.088469539715122475 
0.48819529874029666 0.015932389242443952 -0.17302385384006891 -0.3186383184681047 -0.017536016309614131 0.26608707761607125 0.033313292846302814 -0.41295665220444117 0.53589978297401941 0.075632197673312959 0.10469735280835943 -0.023327396243396557 -0.28770914241216361 
-0.41210622622631043 0.23528274116761788 -0.037074574203936922 -0.023184645526061538 0.042029261177187437 0.39357920720911299 -0.077810181063383443 0.25670093953523759 0.55528591488900636 0.17595855412980932 0.040263459419769575 0.41575928828322489 0.17463332554798633 
0.024922175986573578 -0.068916836105602314 0.12359537954087531 0.027342888835074842 0.079096523211416359 -0.25208428097745467 -0.085962842790603067 0.21916691494413432 0.41216949887393439 -0.18580665374163591 -0.07202823613327794 -0.42163666418850082 -0.68264636527240763 
0.047547983460726341 0.10217573879052977 0.29530999811525133 0.21394791802120341 -0.3335452871510704 0.43746701832426133 0.29115520255456534 -0.29534634037529833 -0.32584296601906032 -0.1325232058414384 -0.18317623338270672 -0.26387774911726014 -0.39085278566622877 
-0.041731809931822489 0.27866566075130256 0.21268852764288856 -0.18961663126192346 -0.36573033161308627 0.0031107202325229674 0.1215594487547105 -0.22210651779763824 0.043667860269059444 -0.038284115227185417 -0.65780791232363844 0.36647388422940264 0.2667391220030042 
-0.43462424740256062 -0.24617165241969097 0.26261264264291856 0.067234259808323801 -0.073946665800246739 0.25919116232565537 -0.036981795328973485 -0.2686708490304679 0.021806169189370384 0.51017550236590559 -0.19781717954850916 -0.47775886229209608 0.051728809955936941 
-0.051713179301140597 0.41690648625407278 0.35364981076207502 -0.15685131020011717 0.33531959933323036 0.053269511932623803 0.15379955329530179 -0.42038367900571155 -0.15345304423997558 0.12079202526751524 0.52702350104641515 -0.10693643308275447 0.17567831495414882 
-0.10621534851564583 -0.16811493186160342 -0.32094206247067852 -0.1664404698786808 -0.36882249152929564 -0.3009568066753559 -0.13554597911635261 0.059021432430235006 -0.41422117024982202 0.052158964146581999 -0.44878820630066479 -0.32556935368245982 -0.31556642196201429 
0.11405861539067724 -0.19628097897243454 0.034473988573567288 -0.089130985165902871 -0.13838458865585829 0.12762703671922962 -0.63995028108035568 -0.21911786909772785 -0.033639472147957601 0.52990366475459294 -0.039304961176264072 0.38664976071613172 0.11563406941892482 
-0.059112281814473262 0.38017203093012641 0.13761130661789803 -0.12938891603436006 0.0071619182268359482 0.55546232444962429 -0.32103107085509741 -0.13482986892058849 -0.056880293460419951 0.21603733383589396 0.19829318500706367 0.4252140213242806 0.34122166435655849 
-0.016635497366657412 -0.093462859308236931 -0.52997499808882464 0.13379062160341071 -0.0094141428127483464 -0.55371252014335315 0.27219813221225009 0.13012613612650176 -0.507568266680679 -0.046946301122073396 0.098742315634684996 -0.10533989268935659 0.11759111862119967 
-0.19189720340002978 0.11155910519713753 0.18624826875906106 0.42765881451944959 -0.015015280457653733 -0.30829427713080421 -0.30083507301463669 0.29836107378260807 -0.40914061374420629 -0.15001087369595884 -0.21193914722110407 -0.41074871964274406 -0.23414875998967011 
-0.42975945694047124 0.089540310306495827 0.3574234684859714 -0.042333043954368946 -0.19960638380463683 0.59099897783874189 -0.17300111075132293 0.21125410147428211 0.32045006556474609 -0.10859040045445338 -0.28308085326358379 -0.1369437289838866 0.026402000090980277 
0.12290265724069732 -0.69806422705051441 -0.43058854642540845 0.19428636636327598 -0.25118049866206921 0.042194193563019178 -0.19687514397572378 -0.31168294042930461 -0.11108460994867794 -0.080363289320741133 0.13393582707009344 -0.19217716226225087 0.0007722910415558842 
-0.32912484247827672 -0.057742029470377203 0.38397314769793367 -0.064606937101197359 0.46969949151579166 -0.07808355415366508 0.011725331148027308 -0.02716971311430167 0.14564454144767189 -0.28180719749143568 0.42156808065188062 -0.39756938218532301 -0.26969286581909913 
-0.36460288227848697 -0.47094679958212554 0.30065855638839767 0.20342798480222363 -0.35970621808988656 0.010099097925260495 -0.25083342553611188 -0.30274950804585921 0.099134137025675265 0.15165791595771161 0.1514319689070559 0.41356673589818932 0.05131592075261858 
0.030716852123829057 0.29949648026077813 -0.17062888231003717 0.28115343728832537 0.6327093503313822 0.19807464364764368 -0.34236843422716473 -0.3163679375328789 0.10392128934437005 0.1596041028251739 0.19246647851650062 0.26297397899320191 0.043192550573472314 
0.058528468277316767 -0.32394058308943402 0.012354719566179662 0.084706950935943368 -0.11658732087179469 -0.014333312181502881 0.42215029600151804 0.35445515377189457 0.58027992112800564 -0.17654637406156937 0.13910990046421154 0.36754516521751024 0.21054028778369582 
0.26457221729833852 0.50883188907000798 0.14573134139037813 0.41407837733034075 0.11863256046572271 -0.10063452090464366 -0.24094326187177464 0.1837383610719148 0.24090186959375143 0.010096808233380742 0.24942670395069647 0.43539359717657283 0.22904534633086532 
0.17061527408865909 0.22732208879537863 -0.36300622272737959 -0.41716371608561975 -0.27540669557355607 -0.51142272823392099 -0.042499429762325076 -0.29480361841598685 -0.30202933843412233 0.052719902953179708 -0.16749614418144648 -0.065760386437901608 0.24681589570260634 
0.26458119497489596 0.059882074047486349 -0.19606082963410201 0.39467331514390008 0.035576468396056452 -0.29292307405456103 0.28131910292533602 0.29478927030545338 0.27770050651771183 -0.1548723099106763 -0.077227377089268689 0.23281671596062961 -0.56375756774951513 
0.12923748191987916 0.23985916477375721 -0.019840828870663976 0.33149667360428137 -0.089105064898083952 0.4659349713834518 0.48846717980646764 -0.26997560310678098 0.30577648866425822 0.34133913133567023 0.12013814493903653 -0.22783932891054881 0.051027755211132064 
-0.115370372459383 0.55748794225784626 0.43236150627848208 0.27151741568891374 -0.16849239550517198 -0.085122779491916781 -0.15218919608329037 0.1411149610868655 0.22529155966698813 0.14494391592532097 0.023342525303207261 -0.3389543854713698 -0.38643001843106023 
-0.29849564272500606 0.16735093648025368 -0.069314190248696061 -0.03687506273408319 0.26121400053753696 -0.3212028925980645 0.36333192064369829 -0.27273089993908889 -0.5640575809167262 0.18153193972823714 -0.035308717668985683 0.089336222205412527 -0.37227817772331545 
0.27627636614951867 0.38188446456944758 0.7021654894340652 -0.094125074625625277 0.16839813162721001 -0.20705185130036219 0.13325808697111116 0.091328376773074427 0.15428374109518764 0.233889653691465 0.2221492293926253 0.20076282698147735 -0.10221983811885108 
0.22000290119727933 0.25959179980857949 0.099129080850324763 -0.0250423420786265 -0.4374657122289492 0.026282114672339402 -0.034758117844429816 -0.29611220317342346 0.063786716196401833 -0.092368605039881896 0.20869206029875825 0.47039293756352124 -0.56158433802631824 
-0.27857847906348748 -0.18982456562546884 -0.028279719396949152 -0.53600740688374227 -0.43082274214181959 0.22326122776610671 0.068321070156457928 0.33102256542280567 0.33390599671078219 0.066782270036744473 0.24642624969488489 0.18925814561862003 -0.18989954095616166 
-0.26099176368338972 -0.32601188029597616 -0.15654651227816363 0.48946822793108385 0.21430467007265469 -0.07861784898576607 -0.22729060606909604 0.32493124934656642 0.044793092964198214 0.047041641341303508 -0.36103168591048879 0.096702678154595004 -0.45634458355563212 
-0.34310385795434373 -0.14472683161608957 -0.072532932470217137 -0.21757746416776386 -0.29756573502766398 0.013354738785649014 0.27346536816973038 -0.036285769834725472 0.46331698630273266 0.26144765701219208 -0.55570585525660043 -0.11635393394764795 0.19632749324570792 
0.50693232842367308 -0.2332614700164794 0.3922289031365162 0.20738391466017192 0.31440505766018778 -0.024084429438461671 0.16541416833657907 -0.27378105754198684 0.44234866619101182 0.30364199729457453 -0.036236598296748128 -0.012661312738513628 -0.025775589457688271 
0.22341846529328468 0.14365197150563955 0.44339207939270459 -0.041390867164298524 -0.20113676146230663 0.3862593966244986 -0.19792366024836863 -0.11523583399398275 0.31094186294630177 -0.1815562404069192 0.13370680847198901 -0.065522867196289442 -0.58070207693831355 
-0.43851767700043492 0.13916199646286773 0.27284475503055688 0.17878312668475302 -0.46148558142310736 -0.29069129847289499 -0.015495168890617628 -0.22259074674578183 -0.20054995404617895 -0.073665613178266032 -0.1360013005817077 0.027352018763923413 0.51940351555937969 
0.32140771739247731 -0.15332819463160913 0.081228718947441159 0.37750547195375073 0.060734549001922294 -0.33829751883990111 -0.46582942303685415 0.52930924015450664 0.16883211950371083 0.021437384287395118 0.20663113268857861 0.19264372436859484 -0.0028217836989285778 
0.2476355802342827 -0.25557145460671643 0.092295349168564744 0.096933312768190588 -0.26461844414187013 -0.35419618979833867 -0.016562052103734352 -0.082084623934111034 0.37035255450449933 -0.22749662439777765 -0.58223053281161119 0.2954347808650557 -0.19433340336285548 
-0.37458633253472173 -0.0044786883621259974 -0.026338450676397861 0.26642323640587967 0.49736090058013077 -0.29904715649858532 0.31008022803851171 0.21274297721969779 -0.071324313491578736 -0.50496557789512975 -0.20036761700660335 0.0099965745342487557 -0.097257753078661746 
0.20858235684351553 -0.21174397427340289 0.39845692932990562 0.064881804714280109 0.17117990614524031 0.17779277061780055 -0.42339607723265582 -0.4044384504679468 0.12717493002680794 0.067125711392631418 -0.49631090010595552 0.0096027343582295727 0.27899237022778728 
-0.23097664408729709 -0.12873987816347893 0.0023129102069745734 0.065244990137724751 0.24356495870838188 0.21196088629233195 0.17421237074495979 -0.61504511441564558 0.026531646132595066 -0.60364391399292183 0.21555701320434717 0.01608635880100193 0.033441381865770531 
-0.057557711667604705 0.097508934857001905 -0.083446093355189099 -0.22626289593185481 0.08457177463944715 -0.39918065357299093 0.48936220278422565 -0.0087182510387902399 0.03100288192674264 -0.021540293656388147 -0.51071915246719013 0.18635098919778409 0.47537996318832615 
0.27839269354694574 0.18586450788695319 0.041982608702138637 0.0028282992173562591 0.24332046996179729 -0.20378146471377787 0.34534904764975927 -0.082282632076993226 -0.55579205380869057 0.366857162674812 0.38362204007858491 0.12472235110807287 0.23065710931511374 
0.17982560220651952 0.14603906440047837 -0.61193186667367971 -0.58414164146568215 0.11259019446731661 0.14192367183050758 -0.076861563506307642 -0.19912280294200024 -0.19739449850803228 -0.2911165365741275 0.105883051991552 -0.063262150966313199 -0.11554246081377241 
0.19400426233617907 0.25458255567380089 0.22169584987185595 0.10646881301648274 0.22971517103109212 0.13555417606442091 0.21777711693416252 -0.071460484793060816 -0.26551609589827463 0.6270917309467644 -0.49621372103262196 -0.024676111535035846 0.052991876025327185 
-0.09184367308570221 0.019310873155365171 0.040660939470865465 -0.54427244961356491 0.14805856356088765 -0.082103185785557864 -0.38513900155389047 -0.13441871948598544 -0.42004200121904212 -0.49618534700142253 -0.048999326418048078 -0.031962959947480295 0.26867370227475357 
-0.092945881572400205 -0.14903546983201699 -0.11202746062199889 0.50460217333126089 0.39460396655240348 0.080112313458562609 0.084792256717839756 -0.54740669845364054 -0.33936772330343834 -0.087844529205224425 -0.32168348332553293 0.039127953008007116 0.071438924868378773 
-0.12651546478780426 -0.47976584706603115 -0.010518299141558215 0.5108794313761954 0.19744066834394258 -0.17614534931027664 -0.01533922503007956 0.17370225971802311 -0.54871989706094981 -0.25790838425992491 0.066938068110555859 0.1241049342865774 0.069277506481085827 
0.084727340279580107 -0.356228246787685 0.20765420439468096 -0.13522785703350129 0.38653645402485709 -0.10887023862746226 0.016721057753635322 0.30159069755062556 -0.46097324553465741 -0.19603842267395841 -0.52461122821204631 0.10257585641884573 -0.12389522573212693 
-0.19481982612962626 -0.012233593549772466 -0.022671042478252326 -0.44862350449209343 0.12491695145111527 0.047262917942996627 -0.54641738740940882 0.32415820201009488 -0.18765275308463999 -0.1943471941965228 0.49541807044632147 0.032638104495250717 -0.13835216730391262 
0.30228768926172744 0.35550346909723118 0.29404420642790891 -0.34512176547250595 0.46675369284757245 -0.24695766010956877 -0.12260418176004204 -0.24540381213335233 -0.06253205152666523 0.35700639406084655 -0.21915251239936753 -0.12629076689658916 -0.16500148972947262 
-0.1412827676467836 -0.11046234725200893 0.073106478530059693 0.21785140420499849 0.3654846628607748 -0.21496887693969008 -0.38414002645806905 0.18802807906613433 0.049906650203593909 0.23496657845404842 -0.62448978939972499 -0.31197647129655925 0.0854862572154233 
-0.16185859242425865 0.34857944230771704 -0.16801837139936135 0.44166396791624307 0.054562245024683764 0.20258212073305706 -0.46975022022824892 -0.27977920378654403 -0.07663297553597434 -0.21501276270497227 -0.2444387778833923 0.20526451942857282 -0.36338927906862617 
0.32821669414126142 0.0013861126263576547 0.23583010862683645 0.13632458522790961 -0.11892303825992594 -0.17172970691767572 -0.029588129707800451 0.51159946859193361 0.04711121052341169 0.47037422877477209 -0.1808471324934699 0.41172722301784292 -0.29348257188215865 
-0.28940343846328798 -0.065190900405567132 0.45494093112028777 0.26412964781472181 0.4208714861938857 0.14391053518660271 0.055200665127135236 -0.20303611534372146 -0.25070444692167509 0.36018968952654667 -0.028172259417768245 -0.22108166960169234 -0.3884406442063133 
-0.24766952111399484 0.011116742609810087 -0.44805286612201695 -0.38961444597583389 -0.1498930356374758 -0.15012587185288881 -0.16442869005486091 -0.31317880780815893 0.29924605327108278 -0.078502309592036509 -0.097414632849934721 0.19136641446654035 0.52348873091741521 
0.42915011989734581 0.1710276809956093 0.3544256482844324 0.056615803281268716 -0.11620132259614956 -0.32745102236204776 0.020192225374399599 0.41165054189686057 -0.035356159964040908 -0.33005693987643853 -0.25989093128363089 -0.17254722279480586 -0.3995779294306242 
0.0045605763604839771 -0.075381667957007986 -0.30400373252392277 -0.11359819517298382 0.33363950497742251 -0.59715694153933374 -0.063956355038256266 0.32221427341935222 -0.0010297672960602614 -0.41328186869245648 0.27394236710988479 0.23064086783249038 0.11877376253284187 
0.15281302587841544 0.079140757241539711 0.20261282572942935 -0.64059784200514336 0.19458887459250043 0.0040743798226384508 -0.055982305673303041 0.1808877664323536 0.14246807021062699 -0.44933825106758452 0.14059310903431316 -0.14215758783437982 -0.42784847442180801 
0.13707879228920949 -0.086690766526899082 0.23912376749023537 -0.27964817633114369 -0.17503369414361744 0.048522396308678925 -0.0018206143525416974 0.83234717039085104 -0.098559128125224327 0.020392979183687238 0.13230410007054852 -0.24917125673288432 0.15097691168507613 
0.28378554957757052 0.020854004523817644 0.47090798538445316 -0.04858516739244266 0.57739342051354936 -0.35882593049279304 0.10055700223729847 0.061610833660270203 -0.13151549591811432 0.13410892022800766 0.054283082288835452 -0.18635697323415379 0.38198442970908986 
-0.32626809704149046 -0.27229322865031375 -0.46330138899912132 -0.08774817903700452 0.36006301218531478 -0.013584757979838689 -0.19817106735799264 -0.0014140286127582789 -0.25406050259875451 -0.4319103097174819 0.27112376290819679 -0.32108701823654384 -0.015990434287812109 
0.15213467395395505 0.082378242505893692 0.08796965296133083 0.10457051305296292 0.050766513291790931 -0.093296194383466521 0.11053228994434468 0.42653782320336814 -0.096530411129351401 0.2120498595457547 0.17131093011638318 -0.10822700797649837 0.80660901951289543 
-0.43892859831662845 0.1775072523616264 0.25174442426978 0.028701089470612309 0.19046611207685485 0.32000680211332505 0.05831523415898969 -0.047724618050742185 0.022698507783277973 -0.31275449292218799 -0.075304564749237468 -0.056136933375944734 -0.6783222880312838 
-0.010807363160932016 0.29537231215656257 0.11926182927971431 -0.47501310652886874 -0.26540735672700749 0.51319533076179891 0.23342738111020833 -0.41563243462839994 0.1999476389124257 0.12492436388878243 0.13715917170567682 -0.16304003226853517 -0.10367517457438853 
-0.12481253111339224 -0.20080589751730565 0.21930148330386684 -0.27211584020957696 0.35236713794638119 0.1757587963437737 0.48607482128432566 0.38267522603279186 0.071405580000390378 0.0010043298809382223 -0.23463814519593046 0.098430279720499364 -0.46298217346241277 
0.011539006868094124 -0.40299952297457309 0.55660654632733442 0.0019716730057134976 0.20935436391203294 -0.10495667481124803 0.17216592928422356 0.38969584914545435 -0.3248805843640814 -0.090859881632034234 0.28731782754482926 0.29805715456900023 0.078114479887878452 
-0.10317946628911578 -0.55372711300607025 -0.095007300019273683 -0.33964872709021343 0.22379387236317794 -0.17947491879281924 -0.26480558624627654 0.48432402184998946 0.2781692976994794 -0.1511136261809316 0.047115119216541733 -0.021008216513887734 -0.26170837001530456 
-0.018816803065323968 -0.31327874200109213 0.54477573317671557 -0.25796318461351075 -0.50189588602859403 0.41788372257121137 0.23531689483782717 -0.10094805975210681 0.10621417288832113 -0.093634907275187071 0.1341010230378481 0.001858669793159696 0.089724191142795368 
-0.17429686312624348 -0.005381552864459847 -0.51750497209451285 -0.12309917794931396 0.08901485910652826 -0.17886858056535773 0.10355691420939866 -0.5140811712617438 0.040905784832567169 -0.43665671597754896 -0.37110893807796164 -0.20403375905138676 -0.0034277780093546935 
0.15787628556668043 -0.24712155997231403 -0.22474966635112184 -0.29294209949016831 0.37160378887997425 -0.18471284494230286 0.21128814944781893 0.34959145543233533 0.0097394207203803027 0.54653146018495469 -0.092622322900679385 -0.23879117979730557 0.27243684136416235 
0.51785633925181906 0.24889554524634935 -0.38736897828506017 0.0013220827644034765 -0.026539354273551495 -0.3830175123751946 -0.14424729668118713 0.3075094648626141 -0.15314558684407079 0.2942618745639653 -0.034781459054633437 0.011427246118719042 0.38165335984631149 
-0.054682849223360516 0.030821799499862957 0.30968029001701308 -0.15742803528569171 -0.44273876780626609 0.38511092030699445 0.058768224849116063 0.15156328575533812 0.22785244848434544 0.60034864410702315 -0.1880257895304342 0.2383389609766931 -0.011259327193235988 
0.39556530882696117 -0.28724798584618244 0.027863034485946753 0.10579907665517242 0.43343886547370225 0.52502168950225159 -0.10058759423489291 -0.48751324179362399 -0.08678852698913242 -0.025924690070111223 0.14419673353774587 0.086183570265873505 0.036306947822232968 
-0.20484589633780784 0.068858425781135602 -0.15794131161518407 -0.18437849688826349 0.26814987563907433 -0.26514369060042398 -0.096451652665266743 0.23115134728346534 0.64775609735815309 -0.11766082826090571 -0.34109310344687427 0.36489261136534784 -0.080580603000763668 
0.52120686321184373 -0.018558554216308174 0.1758412397021476 -0.039454531370534215 -0.054108524613122488 0.36846800144352015 0.079188049062756241 -0.36855202429114431 0.0411517957666237 -0.53678656125117719 -0.066986182439478389 0.30035760693433849 -0.17375073702789898 
-0.17799738383519428 0.18301619355435803 0.020532733780721801 -0.42717579995279265 0.0041435414981764477 0.0045187771985262751 -0.00065246608165693554 0.31763121336030348 -0.20748780003780729 0.27647137761838603 -0.48908927615437031 -0.37348612253294888 0.3909038650947293 
0.15785221711687469 0.075301460090459085 0.20461931741913097 -0.12214513885366389 -0.20304608134967334 -0.040609106118392017 -0.60015256838391429 0.39944623373205979 -0.057892970586266829 0.16866648087726779 0.073231299950535705 -0.20000297115465557 -0.52234343916928017 
-0.13468747095712172 0.30142853390088964 -0.12436140671174482 -0.51782931763298334 0.16798081763122952 0.028958723422980535 -0.060070167371659426 -0.35898984157535985 -0.47133015279733886 0.21161445832807346 -0.26453932143010267 -0.29264939637116905 -0.15261505375521781 
-0.19585375624655543 -0.26038954095233158 -0.081938805310264123 -0.12746850521536529 -0.40652024180009416 -0.27716630127312347 0.13996943458655925 -0.17790215199405759 -0.29416887407190578 0.41514016083450089 -0.16404616274897907 -0.42213077342006844 0.33700698604137147 
0.1604711390477595 0.092295798560057069 0.42703690487946688 0.25367133989401863 0.047794891544113795 -0.060187784418852024 0.26037014124126473 -0.58561525044321661 0.076772952112379556 -0.22412111622741984 -0.49027857941749686 0.036100005693954398 -0.067641869236195487 
-0.29538524245689984 0.28137782986118215 -0.058075792773686651 -0.18539009305398457 -0.49220601462426072 0.56413686505106209 0.050381925685719718 0.2197588664173247 -0.11022432758020442 -0.16502953698151826 0.29236127180272015 -0.23530928887816011 0.065211998868106053 
0.15214748284147167 0.34015219897675064 0.19175529951863368 -0.20475734177134433 0.31293745259826317 -0.10050254582032092 0.017397799117640278 -0.13290087291259661 0.32496706604416548 -0.44558053471928843 0.20692006556501341 0.51474418860351179 -0.21102825529965505 
-0.22352631324706529 0.33567813729389118 -0.50593503944807572 -0.069699189438091266 -0.06329324828975133 -0.37543946135265338 -0.083604968776912966 -0.02024729118962414 0.099560798716302565 0.092464528522425524 -0.62745700011304284 0.095945300384053717 0.05289174720438871 
0.19718117596829923 0.34841470645120992 0.017772059527762014 -0.10188335526469842 0.090173296546615794 -0.41246535327438655 0.1685364706857512 0.20233494984332384 -0.59089726908895857 0.027649975284102884 -0.43416001616451227 -0.20164144206737539 -0.048472182809171871 
-0.013669513534518885 0.39087709859834263 0.11391199273253548 0.23069293939806457 -0.0066059932244015747 0.28041261777429966 -0.34379609565735569 -0.07202145174160049 -0.3885410870625613 0.39618394784475641 -0.13452923642717063 -0.46552766779187443 -0.18982971780492253 
-0.24874585177993327 0.22223459365305137 -0.15989274629628461 -0.31915984031447736 -0.4521746644380516 -0.21466569726995152 0.18913470159220028 -0.061311678137033622 -0.041163278108876988 0.62199202156674072 -0.11310203890579179 0.057239282591476856 -0.25806462295017335 
-0.012975416711388129 0.49912267893912826 -0.19685201462699603 -0.20839882184267575 0.44424241004113713 0.030576939828161009 -0.35403488144953243 -0.055778857599120817 -0.39123169125223467 0.2738750847154714 0.18224779002538721 0.06441695872014061 -0.2763250968466861 
0.13095680829888956 -0.14237017411664307 0.16029571336687035 -0.64491657590540719 0.26288021230927061 -0.08682474444040586 0.34606053547443305 -0.28044375685739109 -0.069891026209489657 0.33262729516592715 0.12449094927817517 -0.1993298892461409 0.27415639843653483 
0.24729853189692036 0.27307029746158573 0.032457080806458774 0.062599233259723081 0.72543094901100647 0.076261101292226782 -0.14885739931617223 0.38937225702022399 -0.095857651900719806 -0.21147198761111485 0.31168461440023759 -0.022314170557373957 0.043755152971653583 
0.41741680133005538 0.39902074714835545 0.20226762589583319 0.21238973784701987 -0.39190585978104647 0.46089214357976827 0.18763579936969552 0.17080141317703429 -0.030267801195665422 -0.061821533421372754 0.30773514225027632 -0.21698317758460228 -0.060094244960229005 
-0.0033056897322871195 -0.55134037538513947 0.2196309557331324 0.22073599425669924 -0.22097835141596936 0.27466609840203188 0.014158811650610646 0.61002605098124107 0.20525031943092933 0.15426124861260096 -0.0650999163762013 0.10827932375654013 -0.14338388076909375 
-0.17108585492250075 -0.2135140352595522 0.50258992315080409 -0.20580472306838288 -0.049915083887504562 -0.36056096793659925 0.15718790533160151 -0.22504694860038543 0.34957180854619302 0.01108566756788657 0.058992073574703624 -0.037770451278396414 0.54323960197759968 
-0.50198083768901214 -0.34628288288227804 -0.056844345476926017 -0.051962308026311015 -0.57628380417499914 -0.045937426866314517 0.35287004622670148 0.26992327262934063 0.057069779664427188 -0.075833371264572805 -0.12845733616954794 -0.042995342826481209 0.25144658101938994 
0.33359086759036499 -0.025363611257665748 -0.10921719161701331 -0.25804404903978767 0.024850355545833164 -0.17785530323312576 0.11815184017250589 -0.32149758405858608 -0.06491024386622346 0.15323344067597972 -0.77612877636551381 -0.16938631872927293 0.0350237286522663 
0.12674822679678296 -0.27935182274423587 -0.054655639819209151 -0.44367465504690495 0.058482443336671172 -0.050775977814821231 -0.19086958340189836 -0.26843728587624655 0.1456180001864478 0.52338575045160907 -0.18090019837440482 -0.43178935635184434 -0.27797600874045852 
0.069051472823509374 -0.11442840494976166 -0.12048281701072959 0.1258659198638982 -0.1114604516844221 0.46906156801817317 -0.50021287106513834 0.16571601475179878 0.16642195726862086 0.26332659991092239 -0.2228273696878888 -0.53870614642384951 0.069059970309135688 
-0.041929848635859468 0.12424263292245666 -0.019792430128964148 0.70131477837724421 0.12562653639998428 0.082177611759646857 0.01018788352715762 0.02562546498348264 0.27771115169559418 0.22308700451395391 -0.092164068592646295 -0.57040948195685515 -0.080767353203123116 
0.036359202373825866 0.04598049066583304 -0.29816331921129319 0.14148568868461275 -0.21660677216570864 -0.069828219797240784 0.16530932464516604 -0.034729908408869234 -0.36069203474284361 -0.31473741888703777 -0.2632788152446956 -0.70575703117499489 0.103678908608186 
-0.53741622815354895 -0.14431574600972613 -0.37290542873326404 -0.083182982704780029 -0.11636669718126511 0.29134655564286577 0.048073367845143392 0.18682695029319937 0.0054816652176940947 0.060546414073310129 0.14835405889987183 -0.57499871523302004 0.22893481126383988 
0.42668500187344915 -0.40754391364622983 0.15059267576099847 -0.38017494770523569 0.235132611677311 -0.51472488230292035 0.21606776154983309 -0.029222498715652568 -0.050499336471110511 -0.21826227858399988 -0.049485248689835212 0.25065605242982991 -0.037451161905081916 
0.214973500376263 0.26958346159671626 0.45959958694482855 0.30509349198705371 -0.63992316900727264 0.085553875838752846 -0.1166146361308909 -0.044874174203876689 0.072140518925811026 -0.21869128740970545 -0.2983594465608122 0.0091140322678125406 -0.047243844328989759 
0.36193504506339735 0.053259282145446271 0.33351147085375843 0.39245624726129624 0.48950993437639878 0.12671186186780836 0.013730266702524073 0.0033267282076125532 -0.12586165800074109 -0.0060801421733878416 -0.44175575210129686 -0.24131773195838097 -0.27527929149085095 
0.35856363487177423 0.29554291910411046 -0.25981557936073013 0.0052715540906290133 0.10912191661955631 0.12056268293339108 0.28784201774883111 -0.21806611017552524 0.12119703837259709 0.47725601819540026 0.51787981454690968 -0.21096710089439397 0.067358150014015197 
-0.092218338234744249 0.026884323511801332 -0.048789122300277502 -0.61999634710152796 0.39405321835910678 0.086570899106308649 0.031721012189756113 -0.17678719707999668 0.028712270430921082 0.15247878093006445 -0.28600168971073536 0.27571296670585854 -0.47652490763560085 
-0.20440664854004356 0.56219627597994892 -0.14092043764031933 -0.48969238557765477 -0.13313591484755086 -0.041430719569530039 -0.053408896857207878 -0.091410857765271872 0.31290870701127171 -0.14147182724655086 0.47326262532542457 -0.047612989787027431 0.087608728948000703 
0.29270409171971778 0.099169271694107303 -0.35515610939434283 -0.14128869364544247 0.066617442062750068 -0.22748209086124568 0.40906477171504785 0.6606269913290399 -0.19716293985693217 -0.17850676697065779 0.07992200367654051 -0.035185418534656683 -0.14170387367049816 
0.038850498664987007 0.049648612894404621 0.091479062051739099 0.16283761194801394 -0.18884245707654382 -0.46918832425308055 0.025664930128255183 -0.56077869615413201 0.21963812083719128 -0.49547287539527629 0.047051891589150623 0.077250421660874452 0.2971443637310876 
0.70127094203681584 0.20218440535662516 -0.3008410580249154 -0.15204938249249575 -0.013473676912959047 -0.0093131581082356897 -0.25877630834332577 0.058116508637907946 0.089864234320987751 -0.22805523227763988 -0.2932595410335786 0.31929791906864341 -0.18726479874184615 
0.28613723518903539 0.1703130448752328 0.22191704628716902 0.32447735024432661 -0.26945014536706996 0.023637644805318291 -0.12405013262637639 -0.33718762495585825 0.33718458074886487 0.27275040446588433 -0.22621004519293081 0.54017036597494483 0.036040820693263538 
-0.18190582056492566 -0.098916430150818649 -0.1074463033915654 -0.1737925573358865 -0.158425116538946 -0.26066547996428979 0.12027758070297888 0.32963855984806739 0.35855810961998053 -0.065793534470961451 0.015554660991760861 0.47495047212582203 0.58351637426515501 
-0.13773487916624397 0.13948334754027944 0.18244805009898812 -0.21228017718481201 0.089217470641232324 0.29758634308644388 0.48839768091450153 0.1647578626155326 -0.35276362507053166 -0.063059462291870205 -0.18923562719935463 -0.019637875262818551 0.59700423602365016 
-0.18703771165049765 -0.016002868150383723 0.33014323193953643 0.15479061171011993 -0.16516981860886112 0.13625475523602157 0.60698263418762255 0.40646189636848695 -0.32391451116113362 -0.23265653464417224 0.081137177447659747 -0.27460741351234963 -0.10619957664887412 
-0.25845848277951439 0.45658719130459036 -0.44306411004242979 0.071143145107642317 -0.32625606097886956 0.20778104762124955 0.052159874531619681 -0.39166113921097523 0.10349299180698283 0.10278816766459835 0.17143547597575429 -0.0025185797207347965 -0.40859814332094735 
0.29919928988372541 -0.23139670011928004 0.23005908367877395 0.094892061972933803 -0.62074095650130645 -0.070301656459134929 -0.068103995806087433 0.3322566556985036 0.29589512955751818 0.0028717149737863741 0.11580573729509158 -0.394738195181909 -0.18143313713306045 
0.12593314211724993 -0.08271614109675357 0.049095554416564401 -0.32288885142250923 0.11119867140019057 -0.32189073058733142 -0.17668412355397708 0.21948810773997676 -0.091565141953223475 0.7214993825130479 0.23347227299620824 -0.080254180430118408 -0.29217226775559313 
-0.40268561186887064 -0.53154332843899332 0.51255600453655492 0.034709848491673675 -0.043030636365739415 0.29740355189091988 0.084227625868403766 0.14613837130972493 -0.21990767604940736 -0.085900420256359133 -0.290852696092053 0.075744436518513689 0.16298942625809143 
-0.32781686769306084 -0.086079340509139762 -0.2019081258283045 -0.25227279573878564 0.081898949531847509 0.34919204461726577 -0.59797282842189281 0.3767568228198318 0.35590258283446302 -0.080735139200149672 0.033549992464308211 0.024101693110049689 0.13291711643895113 
0.32949565752065368 0.16557572388681607 -0.56308672523980774 0.26323462823972826 0.14687680839345502 -0.1466845373042221 -0.092263852168398955 -0.45822597465767367 0.26432075849796105 0.26597567199074879 -0.12579353351441494 -0.15359548958907068 0.18989797295559793 
0.3477130155464731 0.34010342903097135 -0.29697030750460829 -0.023026380555894184 0.35099333420025175 0.023767691845788509 0.3227125897330152 0.013856591421787221 -0.46435720142576992 -0.37695451410615866 0.056989467495962683 -0.24342305974751544 0.16242595996349207 
0.25091631203187525 0.19980517834846101 -0.069990849727825183 0.28686649368600325 0.026263805451508419 -0.20749234279497433 0.028471038382217397 0.39588835967722485 -0.40232362151929402 0.14861442525249488 0.3509425626246146 0.548560441326434 -0.02483855452712793 
-0.86161430942434392 0.021749367879062068 0.10520924670572099 -0.039853226389820508 -0.2075648635149146 0.29958664411521951 -0.0592244682619531 -0.041940661670940432 -0.029716836383208184 -0.094878524684166132 -0.12957755725269304 0.27949052812666325 0.039978387142936778 
-0.22812352671780542 -0.47053940222619689 0.26234037965692758 -0.32105486519986254 -0.026558372758026919 -0.34176666399702971 -0.17331902039637173 0.31881152547235914 0.10459522045354452 0.14939911592947552 -0.1619898556931671 -0.47859098964658509 0.13005095214719725 
-0.26439675238596527 0.50990936789630414 -0.35218916107502468 0.021209736717184756 0.19417044726561292 0.17140602973778127 -0.31448074488328281 0.47676319248425009 -0.17110673974678489 0.053536709455661906 0.13617594175686823 0.25384774187165798 0.19284710706739774 
-0.20338126152403424 0.16753293258115026 0.17320830198303333 0.26214380324290015 -0.34351461624463103 -0.15381871853969475 0.20347333672812282 0.20016333670879227 0.41961345729511318 -0.49055945578742155 0.13902179736283979 -0.16315300865741816 0.38216363256728142 
-0.20584268200257647 -0.072283427397972305 -0.40858624639415586 -0.12128738409711513 0.56715639454769606 -0.14107096269122082 -0.41509830740724607 0.13224457310183071 0.088324513728080256 -0.04402206259906797 -0.12101491413747908 0.14851343246353357 0.4392583647481349 
0.36977008402351924 0.033164556870140041 0.30696579752886416 -0.2813125423284033 0.18264441428741901 -0.1011046385126 -0.29571412146428594 -0.56767139475712014 -0.25619515103169094 0.099286133623356532 0.21587687213455431 0.20425051488862972 0.26779073406319315 
-0.15525276421962292 -0.45385667224823079 -0.051343301937432979 -0.38823365508179836 -0.17008414221467705 -0.32846594811441993 0.080306365148711936 -0.056802684023938156 0.079362688978945259 0.22615287141398671 0.036219212041036737 0.64127003541643646 -0.0085085646237692721 
0.12076496273076233 -0.14163230159238738 -0.31426371024719085 0.57605811017860031 -0.47549481162538948 0.043018349765109813 0.27996478901472144 0.083578970174772296 0.039970524173350085 -0.082821351301212889 0.27013570720712243 -0.36799243208671678 0.067757789096593121 
-0.1987955285175638 0.18887802752610505 -0.10460164163881761 -0.12038033722588062 0.46085195168852383 0.066856265437752152 0.10255934319493744 0.085997032248663785 0.061347457239846769 0.38925144913527188 -0.094012186894908839 -0.67466614082274412 -0.21286478214687529 
0.53909407843563228 -0.13231534842709941 -0.20281091260101272 -0.010007583516093845 0.32810320293566925 0.41418061351303809 0.27662288011719816 0.21006931721835526 0.25224785286988294 -0.11388094532955187 0.39458668319866336 0.08706259345900734 -0.10447383508139164 
0.27426747107157007 0.20671173637019014 -0.23521887350716497 -0.081477706720202187 0.25523468302201008 -0.099409915740337043 -0.094707087357531403 0.014181188867554567 0.37403806502464376 0.36246464846370646 -0.29585770609560352 0.10694065968911846 -0.60467369837787543 
-0.038663985930324538 0.33623529319973683 -0.0011137334505974847 0.2515539829328583 -0.14359895504166861 -0.19717261133218641 0.12242735179568313 0.17384343938560617 -0.085344416126628617 -0.46625019057179751 -0.17684938639143569 0.46492015998812181 0.49534150889150064 
-0.18550892738895189 -0.11329417409892839 -0.33678538332535474 0.34055023223016284 0.0065192670266121791 0.25959500284864367 -0.60002389280338853 -0.064932138741595535 0.26810679748610333 0.21831863887041075 0.32209198252961679 0.16187736329119298 -0.20538569342854818 
-0.091132023071218024 0.076397946822955948 0.33744495825524351 0.19573229421735064 -0.22974007459117726 -0.12856710490303441 0.02938741664113222 -0.1993955442062017 -0.37151018581310702 -0.42299697952223381 0.37921232693324852 -0.50483336519394395 -0.090226898646055931 
-0.27276438494888983 -0.058542296916652678 -0.10919779643946922 -0.07966011770087357 -0.51866559248762578 0.01039738099247745 0.43391793061332568 0.12865336237185684 -0.29559295793459922 -0.124877328206063 -0.29542225638211528 0.031769712717090108 -0.48855989199279215 
0.18679817930450385 -0.54629446927759362 0.2380341405228103 -0.052762549095506754 -0.13441378902049655 0.38140658414722139 -0.34496577253520339 0.021460065530712856 -0.31527585357726434 -0.32651314634904166 0.15807938925580714 0.073209385682633951 0.29642246981886322 
0.019747234329072497 -0.13142079767884407 0.57066857391595938 0.17203638272974972 0.11041460707361159 0.084463011150698944 0.2898271096864326 -0.11846068085879932 0.16254858575618331 -0.29249839388283172 0.5729797564001885 0.014209491894628513 0.26312800354488664 
-0.01191267408473108 0.15548141773855015 -0.24030806377354558 0.39547096747086358 -0.63174385400933786 -0.075019342747257259 -0.2478667492346642 -0.045276537907037048 -0.18695437131811835 -0.33387273603856793 0.23670519047351538 -0.040882234760379207 0.29866139864482444 
0.018536855906713775 -0.0041801910669193778 -0.063046212833138743 0.1950208121594616 -0.48590077687909922 -0.50991660997242327 -0.35690669373286205 0.038731697687853242 0.49207105131252538 0.00077773760917046594 0.26554183333167486 -0.10694768721797247 0.092461477639017284 
-0.042714562998196599 -0.44731192507473749 -0.01921220853431577 0.14505313873734557 -0.054258349066721348 -0.12337619711005626 -0.23264734846348412 0.22671539779944927 -0.59319223584590075 0.17577036023406556 0.3145930857168564 -0.26282084047833093 0.31964326834924039 
-0.16837590628691032 0.17116184914534016 0.12511706173716758 0.093991706818547793 0.34826565277184096 0.25683239745835568 -0.54089049943885692 -0.077103938401119482 0.19689549754717403 0.029809608615279332 -0.22979393342272156 -0.35862335467425066 -0.45938289958375172 
0.076172872528529334 -0.64901855098008499 0.18033199765293859 -0.37448027917993293 -0.14614189302920289 -0.20256761835313664 0.27136609810651502 0.11918081661321547 -0.37377564738805746 0.31101301682488935 0.067024943366369119 -0.052789983376122104 -0.079160150048606437 
0.075664280092943972 -0.10242998087477996 0.19703332507923674 0.10601974823036034 0.60297268032455442 -0.052174244899877868 -0.1752327193023186 0.20666344635350248 -0.20718172593928719 -0.37516041421876245 -0.14056658108053524 -0.52491689227057192 -0.12263724980737439 
0.38634498011819057 -0.033866450096859901 -0.083355717625011927 -0.004947230858447605 -0.15079097254089424 0.14057464543652592 -0.042072821962032714 0.094344274396882158 0.2828737989668314 0.022183831375398786 0.45133864553618508 -0.59333390523290941 0.39139040838121569 
-0.39075368235883606 -0.058901833188290731 -0.59586636803685611 -0.15526426537343449 -0.020743904206317068 0.29704021774857176 -0.16895275067629745 -0.09561924863383052 0.096446135495593013 -0.06729766175569693 -0.33033168992159323 0.46372907097733729 0.018238172953412769 
-0.12115612562666064 0.38759853504022368 0.10553549160027895 0.72013654567506946 0.32970444518641695 -0.014084983892904777 0.22171905074695242 -0.10690322373628053 0.079559044160760387 -0.035377358741281631 0.30865110734891049 0.088796191018086362 -0.15852971699677487 
-0.26046837042956278 0.67737803942078323 0.04591215118259355 -0.18248447950747762 -0.032605490795706474 0.26600939967109771 0.21288009683320969 -0.30495823378216236 -0.19485794734507256 -0.23086936274324765 0.12880395175671511 0.34510224805553313 -0.028439905205519953 
-0.24769121125037938 0.088179878967216532 0.31940333583659059 -0.39610294924546491 0.1741557665760966 0.43822445180200092 -0.088148609233397318 0.21677984379364157 -0.1177433734453234 0.082355140690103676 -0.54550605629357063 0.2618438146123741 0.089654026146095037 
-0.510788445110404 -0.074448861711563535 -0.33480988582750326 0.090371109858177798 -0.060401641431539824 0.21196608392947891 -0.06862253089445175 0.0054961697098978501 0.28826196576153734 0.55523735706790378 0.14407297390274307 -0.1891455513353717 -0.33474490369124599 
-0.14209671556995623 -0.42666032200108683 0.45897777064984713 -0.36737007127622306 0.13062895344689632 0.10647924605269042 0.090614663202175219 -0.36581590784199902 -0.083817911068882103 0.088182537505756858 0.40664612529082395 0.29000077461104412 -0.13210207519913153 
-0.53861395795172895 0.1787695015671287 -0.15292122241845446 0.41324311730608487 -0.15673175787959584 0.27412813447290635 -0.1059443497523575 0.31064157209424648 -0.37447890940145573 0.11505530525289492 0.25734099829545021 -0.16698288811645159 -0.16961242456317516 
-0.57394561717795323 -0.27394415362852403 -0.20549736319793482 0.19396277459403752 0.25353232310902052 0.3275743521447137 0.044709305471111918 -0.17565343848293746 -0.45049739603859956 0.083658726627076241 0.20638336574469732 0.098944234722787225 -0.22118525243642451 
0.2084266039169482 -0.031886964147628392 0.57980786670672901 -0.27615406167051765 -0.10231884702120705 0.022058875343246378 -0.17708058810417246 0.024728393662668834 -0.16232413867923531 -0.48790531384748947 -0.21704830170822398 0.41479725090875913 0.12888417178571138 
0.15770347278673039 -0.058485481692622125 -0.44022613361441149 0.19802597739456784 0.046097940109720272 0.11744541528685395 -0.4292319493268722 0.11048395587270479 -0.23412537315100029 -0.41626179329137791 -0.4461422669567901 -0.27710443163711074 -0.14970688318848671 
0.028447754133986983 0.18015268583912361 -0.11949109977078466 0.05867949328592955 -0.1224941026037125 -0.45937558307234089 -0.40593484383945594 -0.15715545153133753 0.16287877917560895 -0.57316913655884216 -0.23476616189057101 0.33346037398585188 -0.11017865823866914 
0.24178557628000888 0.15866346250546151 0.2931485260964331 0.11230931707757807 -0.43321740280973242 0.35465153908852831 -0.15141219136248446 -0.15399029133841577 -0.073882197041352585 0.24107140831560317 -0.056416573377830945 -0.17361071741693249 0.60068709992672864 
0.57763472113268599 -0.36953503841210911 -0.24355993013320484 -0.11230701847943551 0.17427044661804186 0.21039316675695119 0.077436217094739204 0.40000076068450541 -0.32828636532132893 -0.12613759466854021 -0.15380605533961816 0.01537643588239597 -0.26389365477150684 
0.16744208731203647 -0.061573298173705875 0.082922521034648866 -0.003464777340975095 0.56690116954185665 0.47303312737994496 -0.080519700026341817 0.28724132182470791 0.13546682420121595 0.46585722747123931 -0.2457989577254891 0.048785216299558842 -0.17024720465968893 
0.07941722272563885 0.20534077394507425 0.14962913358242622 -0.28022340300821658 -0.29847301251587555 -0.09218613548439672 -0.045643692716189427 -0.55506824269845789 0.10668003595143931 0.082326516156816909 -0.33893109509971031 -0.13044928909377271 -0.54110620490195749 
-0.1554224277247051 0.13133026272164355 0.32840931363937143 -0.40664772190788623 -0.4406931509884327 0.033576389510326626 0.14754851481038425 0.31072052199702488 -0.071501831836373222 0.27902522336460084 -0.084590241975443028 -0.39214031330251903 -0.35753101708532253 
0.50678058968313755 0.17833015684893899 0.33507960560513927 0.034121763987253834 -0.1988589475102879 -0.083796250116095802 0.44688561724440096 -0.14758048090826995 -0.08594570150991411 0.41371158065970409 -0.0094613628058346794 0.08666222372050289 -0.37911991828284941 
-0.037414227022939894 0.4485336394757356 -0.024166110235664524 -0.021307257052059974 0.15648979172358571 -0.47133840191814813 -0.24897993275849789 0.15251821570601928 -0.24449451953098744 -0.015944506553306929 -0.1487719699127675 0.32402577178831032 -0.52661218702974433 
0.058766258880404092 -0.35364956839096906 0.58583202360197939 -0.026317000574426007 -0.13572371509933295 0.084652926594132927 -0.30294593846704521 -0.074202549826791753 0.031615429151642095 0.1919343940149297 0.28148251213954617 -0.36404782113477041 0.39384755002637889 
-0.12635785944267869 -0.039702206369509135 -0.39441542846112626 -0.14600938966257981 -0.0012162876381116401 -0.057708201256558268 0.074695561574844069 0.39114936551538054 -0.058939615755044396 -0.33621630570573113 -0.55406180545657313 0.18525160201894883 -0.43110122052082583 
-0.035642868176169268 -0.49567781305280256 -0.052748528477898474 0.2462557289155711 0.24945651669869393 0.43495462436599674 -0.34227183454077886 -0.22286224686702785 0.15264941027696147 -0.19658428867485433 0.44743975647371492 -0.014471365743406626 -0.094963942758624298 
0.2225646362269558 0.11837535796980249 -0.40294431404190151 -0.031527475433195805 -0.26240240275671028 -0.27218937762772816 -0.26377225576109703 -0.53374228652206934 0.13024833463611354 0.042109214839593831 0.19135604218607655 0.46858579606024736 0.027710070433005978 
0.23769146304252869 -0.027948343698436195 0.082409890710636868 -0.37053447387059812 -0.057548298995931377 -0.35801655165269908 0.34206543784904708 -0.25767646052166582 -0.31741368455513791 -0.54408241682612402 -0.10891540670954476 -0.26656224431513309 -0.063606388515751774 
0.19249802165522692 0.39374510116798866 -0.054818862304790397 -0.23331204237023859 0.55462778905517995 0.16348505039192296 0.021388985612450371 -0.09432718442236461 0.42746658113785596 0.2331713346418455 0.26021066939604737 -0.30950783583036295 0.078574776289358272 
-0.0081093100315180189 -0.58196194327555739 -0.17886064953307479 0.052853296623720951 0.44399333308800371 0.090749555877163546 -0.11385304674615095 -0.17539384332720168 -0.23119032981799201 -0.4390351872303776 -0.12468128696416085 0.24581505617183486 0.23496281645790079 
-0.3729942821970566 -0.25030972360055376 0.069996884542208093 0.054477669829989549 -0.56129042134897145 0.20220861478959992 -0.088867399151936435 -0.30240202725403864 -0.22415993318542801 0.059064095126617935 0.40491622507746633 -0.2991121907192999 0.16706816185100498 
0.35646445493344808 -0.28399911225315899 0.098943179296272221 -0.40939477804020208 -0.49398496714367479 -0.18895610253136236 0.34655537050841478 -0.16272155155820275 0.17377824228212305 -0.057112673131093306 -0.23037374167423494 -0.0011962718232399723 0.31944490625608252 
0.69940367264770675 0.17579599858790257 0.18132427888165845 -0.02323718884470926 -0.039998311745841224 -0.26774924248399845 -0.10625654953185076 -0.2707154817563226 -0.16875747904006555 -0.1660518604404547 0.32840876698452037 -0.20588297890464943 -0.28697131217795707 
0.46783799035403023 -0.3669741061403447 -0.32797574947447528 0.22450893489928503 -0.1396013480777443 0.048321713926511189 0.098951049744035999 0.44184027331148595 0.10654350604273641 0.26266925134261415 -0.24111996740088112 0.11802456609607817 0.33050312125813613 
0.14725251027704292 0.48690790926442873 -0.14308958161183041 -0.41048073009728353 0.44025480807698242 -0.018960995738464496 0.17733262412154038 0.28466116511612166 -0.10114451067680635 -0.30046073296158127 -0.1791830541530175 -0.0051982356530528512 -0.33610299229111457 
-0.15135149663417982 0.044751456777191362 0.046296101496737095 -0.0021738026972148799 -0.15724290676187763 0.86673204855771868 0.28384266463117042 -0.14375515888974763 -0.11237537111595511 0.15290022278229029 -0.12670844006482976 0.13343304326724303 0.16091578379725033 
0.03281108710529599 0.61147094714236516 -0.59444696198751434 -0.25880684945205978 -0.23837132762057947 0.015665426173902996 0.17445942644071541 -0.13358612978853959 0.081816609687016609 -0.051277895544719641 -0.12727375323903664 0.26963221618771915 0.033277259616212453 
-0.08356673873932377 0.11765861289315548 0.30541758239893163 0.053853519057960757 0.30488686570201268 0.24712908010555035 -0.090363576298204906 0.26115119251226732 0.056539863984976846 -0.45530219443250913 0.084566265084399864 -0.310948600698148 0.58160236890064754 
0.56610329512203872 -0.17097021278103902 0.21527700063454111 -0.43344808057195217 -0.2561030607728364 -0.098065770898242255 0.18070410416180399 -0.11093720151102233 -0.26530432717171348 -0.036417471920933329 0.21189558869828687 0.39078391479044472 -0.16304503701393946 
-0.34205864037700451 -0.51515940174475938 -0.090809931928306595 -0.01049090972051869 0.090595835566717256 -0.50451648240735902 0.33210786295178502 0.10309044643285575 -0.034919923069746554 0.0078614672981347673 0.19768601588936788 -0.29193235470590007 0.31622294491917552 
0.46344473996933899 -0.12653289529240927 0.53267737515335301 -0.16290965298247614 0.12014241467316548 -0.03578890007815716 0.3051631663706712 -0.038363258760311165 0.035288627703387677 0.1255544253112571 -0.43043190658984842 0.32625845571732565 0.19971707079289169 
-0.20711974258336716 -0.11815005339581625 0.35782459247286386 -0.40090266313048073 -0.41958220422947889 -0.19750265835727987 -0.091645757051238369 0.18002239115368074 -0.22666552750700894 -0.40348784508928948 -0.35989506380140479 -0.22291385935474042 0.071570332044552737 
-0.53756013763135657 -0.39972511961457552 0.085488282284685385 -0.16237481512517321 0.39616545671148801 -0.17745705653602931 -0.10291710463145851 0.16752285297023983 -0.05945082473331665 0.16727543605529971 -0.42468208872253033 0.26640176433344664 -0.087412464182282101 
0.47115058056174874 -0.34320487681804918 0.068800916025720749 0.048121990152367074 0.21904889358389612 0.36135295439364851 0.39149046658610182 0.049414615325636041 -0.17216310806226515 0.48980554672597443 0.16655423455226814 0.060212177548335022 0.13415609253368332 
-0.26317332927015352 -0.044580870151614237 0.38857840258318843 -0.16211710738894361 -0.15703859058769756 -0.36893298157108212 0.23947349522063024 -0.12539557747098565 0.38875594357357784 -0.49872977691638248 -0.31726781411733052 -0.022251903175500236 -0.12890444760128839 
0.26548951157189099 -0.046307990828105654 -0.30668864252335615 -0.25763236802021827 -0.20866199141508696 0.066500193740918284 0.018876992635692601 0.43102749071630031 -0.026032638667057312 0.34138075960603925 -0.1989010035490498 -0.59256427465497119 -0.15786968543027444 
0.11285458598645443 0.0037649417265844163 0.61217990242821552 -0.12776312626673988 0.25981496097891432 -0.0051177149897251428 0.12173883346467518 0.31314834402164698 0.55844016908819705 -0.013662474974929183 -0.0017979342949941302 0.22665502131493015 -0.22876181378111413 
-0.33434965476843853 -0.014021580821694976 0.029752120924308807 0.27312877550219689 0.19047888610941702 0.11333551912087415 0.083592453990149376 0.36284190101064939 0.25905075548458917 0.65114645377571523 -0.32525406756438435 -0.11058491848364459 0.12506744834138644 
0.47212198667629718 0.50634414436100506 0.10129640266731574 0.32400494528496959 0.027219822834537111 0.20286178618390413 0.2719299083307733 -0.210711324192045 0.12564982175625206 0.013316126819612724 -0.12689290636612593 0.16107112575475249 -0.4326966570132908 
-0.3102163782313313 -0.25016767470939238 -0.24446488180513021 0.15165174814841015 -0.14436449814544547 -0.36629722037823681 0.25605881587295976 -0.16316441822943067 0.68903174307657822 0.033002921075582614 -0.0022958312509368632 -0.1819000688770406 -0.047647180879595824 
-0.23858184279226188 -0.033584574619400794 -0.70464030636868491 0.52186776893372289 0.0018846547077484123 0.29769604024284085 0.20127160916173181 -0.1031583221105775 0.067563510704637744 0.16285658520125887 -0.026757869608984883 0.035011107624910512 -0.016721545566247335 
0.074576980264693643 0.45788270288911015 -0.074054202761978813 0.070354133352971276 -0.090555825586709757 0.44927461414680547 0.09886638915865073 -0.085724044560221813 0.2755752105958007 -0.039421531571731692 -0.39512147449591717 -0.39591742384980971 -0.39599169717992805 
-0.20384567738646378 0.26848309504926438 0.077772191029478466 -0.078625914267345429 -0.53917477446895279 -0.46286359998656779 -0.22760036951021484 0.25628880585688968 0.13098865187310813 -0.14940018377943012 -0.29474028780693745 -0.070041086166038963 -0.34704345077542503 
-0.12068132155373018 0.14389897774819266 0.015676390966158377 0.39241837820183101 -0.16484106712496913 0.2822864427468802 -0.32495683509554929 0.21454599804653607 -0.05594822264080053 0.49129115169319504 -0.31690801472760821 0.2611578866594424 0.37265895402149429 
0.046096750796986684 0.24064832221426549 0.13357925533667309 -0.068398788190333876 0.21042534255141615 0.74590179387217903 0.21706658857035985 0.13268621817462001 0.26350686668869894 -0.39868732680312652 0.054229408735363235 0.011950202809920792 -0.14352256330639129 
0.030076151152289485 -0.17162282910813453 -0.08614444849836736 -0.5156060087564005 -0.08071029608112941 -0.2444894415974285 -0.19414607796208033 -0.27039388129035324 -0.32563138340619585 -0.20552042191043862 0.005081664519595552 0.11494013484342586 -0.59813403031524082 
0.31478139555162243 -0.30547590434964011 -0.2259517207563157 0.29325142901681289 0.17428107263736342 0.21967076117776077 -0.24917778481857206 -0.12742386355298416 0.38582673527633005 -0.40867755999631789 -0.43164215540412387 0.045020234152329516 0.096796847023592925 
-0.24179929309624093 -0.39242131352814519 -0.28641970378401405 -0.03104099050971218 0.18489538371615452 -0.38494673519755818 -0.34836241909215304 -0.51391633365998357 0.13544322031116965 -0.19646706502239122 0.18577647397774194 0.21246992159628078 0.010080694861582735 
-0.074518816687893494 0.42797032209647623 0.017117227216072436 -0.3091147938194323 0.46867802017494703 -0.48557555328234359 0.12666932138953599 -0.2099802110201241 0.2247787982912739 0.11497993615396271 0.061342985369452332 0.13062574642869945 0.33954667165684882 
0.14101086909494467 -0.15473191096479616 0.067740698266315291 -0.077211074308342703 0.17838648730069026 -0.38979104039766793 0.59269836104124107 -0.30231022396928936 0.14820172249213059 0.40161128380953914 -0.03286064020352112 0.36376046556704356 0.050250709336139066 
-0.021543041522738976 -0.047580348402470329 -0.35401091844276306 -0.13417128433177666 -0.14307947217890235 0.094396079268677588 -0.41132530309264898 -0.023701649780920753 -0.56253640431780572 0.35364882161878197 -0.29843178232943424 -0.067871556516008985 0.34587706411620522 
-0.16124068188434015 -0.21474356610469261 -0.11276552517787648 0.28575731417580458 0.1885240272217103 0.16797814170809378 -0.34153931330906462 0.080400401352579004 -0.15685573027990179 0.090097252501634029 0.32511965920794927 -0.58016570743550167 -0.4142774060047294 
0.016484595324102243 -0.070764013479455337 0.0338717513779511 -0.42029221103587272 -0.10299494795387933 -0.52001849517725085 0.25138898333295467 0.38214812924721914 -0.39205852719192796 0.029265714851535177 0.033805996005585238 0.10140562445283012 0.40084254915042894 
-0.13275743469416665 -0.34918096644369417 0.45714830587989447 -0.23056316937601887 -0.21495093945986143 -0.33306112195673182 -0.35098627420248257 -0.14623450287019785 -0.47806893698790948 -0.074674909212013654 0.17566856423077318 0.1771378172719883 0.015203761967134903 
0.10353897139545366 -0.30275240331723635 0.09777170701730109 -0.24937669224382933 -0.017022744924670936 0.1481055186455989 -0.0035399659154933 -0.55339523808186686 -0.07165989754463882 -0.066640997133525059 -0.47575832040716415 0.46594316113732309 -0.21062670939292369 
0.32946376003117078 0.13785335654378064 0.5819866887109042 0.37406385756705429 0.31817349297630992 -0.098451702573401023 -0.16783315365092455 0.039654016455495877 0.023828466312857531 -0.26481160767417244 0.26259227174284455 0.048552983488267171 -0.33338448214158156 
0.085727117483368906 -0.13420472995587182 0.12802720110273055 -0.10027517846828561 0.45261647552857431 -0.29347457244242425 0.70772746262123165 0.14082584207534124 -0.33420988062730739 -0.092773330971773094 -0.099680961531080858 0.0017647812080163359 0.079071199679404902 
-0.22641828032224082 0.23384157884320916 0.60783752780304945 -0.10820615606026308 -0.065816664390768637 0.095994586011929756 -0.28115637959115908 -0.093058263306734654 -0.43081712155005097 0.26192174914200006 0.01594238562603989 0.32592495043703312 -0.22568711537051325 
0.4390400584798041 -0.16091534144874761 -0.29603296864797773 0.40705401383819878 -0.12865465475061272 -0.10851490831494276 -0.065141326176330838 -0.2412537375621224 -0.41826672051542679 0.039857190285540432 -0.27038060809643422 -0.19141211195604638 0.38854525155069936 
0.20105820914834308 -0.016587471869819251 0.43032363467677692 -0.58180053568778001 -0.18755600574082423 0.16067455618424489 -0.059432107174936966 -0.2756607512254291 -0.12190813886868747 0.03578428280249614 -0.26543920556358691 -0.4408347136901774 0.11908080927037239 
-0.33573417298978636 0.29658139666885924 -0.32646382399322754 0.35377143396324123 0.35245603590622243 0.324015984756994 0.43427483536402905 0.26532562727018311 -0.15053244903415269 -0.031426647248674604 -0.068725096006381187 -0.0097136824610072926 -0.22565482670004716 
-0.17884233394456311 0.066004747192044161 0.12489494919480466 -0.21231371153714379 -0.34762014128920748 0.42012273302067277 -0.033231103682574363 0.27269504815416795 0.11258928748057045 -0.46140467526400114 0.2512352421454046 0.45371727717786892 0.18874328334923879 
-0.40571644848405991 -0.36992751039583588 -0.39666902850633345 0.12842973217187303 -0.14661629420646952 0.046063327142219522 -0.078382673133420261 0.43972428135064179 -0.39349394322913728 0.044766256302532059 -0.10464149536631077 0.3431452712576768 0.12667995306453431 
0.13920570814014127 -0.010651210230456057 -0.061692309148255256 -0.16161979273334889 -0.13780634829807534 0.31162296895542069 -0.36533768480408807 0.50305649237729344 -0.10532103002460137 -0.22619753652096569 0.031165210571224074 0.43837835701692668 -0.43879357574309369 
-0.080190823918320178 0.13306403835524644 -0.4785593379080561 0.18426046820873246 0.17176211940539657 -0.54976557239507917 0.32672795613272765 -0.46040764220707187 -0.03964448797910354 0.052179634761026071 0.08564612995250491 0.12575510396086956 0.18702316267927516 
0.32194893281160619 0.10821500589663376 -0.32871453052580374 -0.29607305978574588 0.30284308421734829 -0.26809692632468446 0.18833967079581268 -0.34498335034332717 -0.30311410129348837 -0.24003524980647348 -0.26269640165254954 0.3743827258087255 -0.11038004484588886 
-0.0014717447701989316 0.12758155230598783 -0.39900995195848438 -0.11306486512990215 -0.21484215565193479 -0.26009004778778044 0.25618175990739905 0.080918235281535966 0.51677402057901656 -0.5099094548948353 -0.30072809001000311 0.031778251884309786 0.085070878246221213 
-0.2098271382675333 -0.40115258309874235 -0.13906382457864899 0.14701616711188226 0.061267136475252018 0.4126197494811501 -0.18108003593080158 -0.40104883116391399 -0.017497512808966508 -0.1535027507535619 -0.28296440131089973 -0.065901648562616419 -0.52742456827553175 
0.25979261553036692 0.18000157006741632 -0.15762504175856487 -0.031460741975141288 -0.17815561079903167 -0.39530622893212791 0.41743349413181674 0.035423706499369288 0.41433512176098619 0.23450308589837154 -0.014068173161934028 -0.29440046540674408 0.44410017379956196 
-0.22367217950657303 -0.12485537815915579 -0.05558650267914117 -0.54182737783054613 0.23800735473641924 -0.37767009201207308 -0.12072219973761825 -0.097631490828411549 0.38524219102843238 0.13961494936184665 0.41723426391621998 -0.2608041554125613 -0.065727078840609895 
0.08866826744478952 -0.074938582651331256 -0.026935607209396306 -0.2913784662890615 -0.36206281089952064 0.23010071226019047 0.64983185084526263 -0.10578532268653083 0.10753367529136373 0.27156538991810003 0.00015635530760979349 0.44463996653727877 0.019272968779339941 
-0.46210620282157794 -0.41035798014703356 -0.082719127875789722 -0.015319931018986412 -0.35873061651957538 -0.078727335178698302 -0.25317942260035942 0.27875572051598263 0.32528969129301949 -0.089241803039569453 -0.4353892487970471 0.15127357553625806 -0.08984339410429637 
0.4352764968476393 0.16901680842103475 -0.20424078103499757 0.28102357793988614 0.12772025102445689 -0.13419336057581244 0.15320730245046141 0.19663628129776528 0.058153551678652424 -0.3899170267708707 0.55261796555063714 -0.31139925052921469 -0.08394810395710299 
0.53289205169514009 -0.33280627533325419 0.22374996008452144 0.0015258944999297303 0.093846520870634054 0.10438979684436472 -0.2621863083541332 0.29791135601723928 -0.15720058715043883 -0.054819689717528326 0.46463654676614874 -0.33111888692733638 -0.15734794246520337 
0.28477372704513509 0.2801902357242852 -0.39218643423593402 -0.24558806074466022 -0.11507838703775188 -0.24857039054533039 0.13227473321504776 -0.048372793194881365 -0.14315301800768124 -0.16834234203365767 0.53100511745016765 0.21126875905040793 -0.39493543906297751 
-0.4195879310589859 0.11634443527289193 -0.089088911203840854 0.24303350258036283 0.43230276131141271 0.31524744883957606 0.015381244285760428 -0.028294104655567431 -0.049560565503168598 0.35061358714476304 -0.20072518913066476 0.53706515325082249 -0.044590750295910253 
-0.2295880016239614 0.40806102096094737 0.58349097048678544 -0.15741862138935403 -0.060739650931213543 0.27288076754373636 0.31849239481882391 0.074298520464732329 0.11491180028439782 -0.16848611219197776 0.37336528959106241 -0.073023537332538288 -0.20999036923050557 
-0.10380466013002387 0.55969066147311508 -0.11782255597251783 -0.33032259023561583 -0.061843808595705249 0.44856164033087836 0.06191078144544418 0.16201519662473876 -0.036350301574439317 0.49263808410610144 0.079583124938784278 -0.16707352196416606 -0.19900013867308919 
-0.35712659090824062 -0.37631491701781022 -0.39256198702760603 0.13956168235877381 -0.28335078147477583 -0.06336100846603604 0.45033476087104507 -0.42016548899086642 -0.12878603296378741 0.057005773313546712 -0.082627261557791709 -0.22834550620967431 -0.12172983066624032 
-0.15077102119710054 0.1215199044198446 0.02277902729712299 0.55504327531485642 -0.12832852914744944 0.021282957422184796 -0.20754867241009356 0.59574636338042919 -0.21266923123939865 -0.17081239353116454 0.080724029668476388 -0.046455648305976927 0.3948647387965909 
-0.30046733035374773 0.35313347497090314 0.037617031558483893 -0.29399661206439803 0.092694055820046556 0.28880215946898358 -0.37830894190841086 -0.38231590404141025 0.050740043803275924 0.024450820591202783 0.26781570560137941 0.21094435795302535 -0.44327184996968777 
-0.34845389836011076 -0.025314352134188034 0.021980714500234429 0.21109358411820786 0.47291413390154735 0.30446682870310754 -0.36768167974372123 0.31915943812307163 -0.16704976930843102 -0.37774672591217906 -0.27666239495057471 0.17977932983850772 -0.0058409126801717698 
0.32529940637433552 -0.14673297094859558 -0.041397460504202115 0.35375850580875118 0.10922485272976594 -0.30933628784361139 0.42703265786553191 -0.037081206732326184 -0.33282785670805559 -0.13941680752022106 -0.15862386189800526 -0.38042624390727264 -0.3928649921243863 
0.066575762986955389 -0.159664161214259 0.47180312279146774 0.17782500375400212 0.11688663304724126 -0.068113928903150545 0.65808081055588363 -0.36676491634469383 -0.26346183059161654 0.079797571788806948 0.17885306654804051 -0.13737026018249318 -0.057684130861771883 
-0.30168916306373839 0.31611561135484795 -0.046174240982878187 -0.1955985167919457 0.13476148189892551 0.049221779198756463 -0.41407803282917932 -0.056560063869165123 -0.35459540330438893 -0.1303083250759243 -0.23757375608091622 0.61046576223913307 0.039909073218377035 
-0.099457238662728209 -0.023126944512040924 0.076480592138071193 0.1417543023783322 0.2017390634407821 -0.17385092625054885 -0.17518346415043837 -0.39976335743053892 -0.44076882712298077 -0.16846932720853922 0.1945448639733624 -0.25924125608403803 0.61195935358374276 
0.34382304004753256 0.18235471860305158 0.023890736235633449 0.43677765130256896 -0.11983744296895261 -0.16734722608586483 -0.52308729668037091 0.0094190040372180029 0.037331462047062537 0.081723218065519049 0.28033479134302219 -0.49706165663161112 -0.085916454877690299 
-0.029012146424911442 -0.35413500630573541 -0.14338419556184157 0.20705176293635202 0.42266193349644865 0.58524079351722391 0.10144766503380841 0.2395503742963507 -0.20074059612834536 -0.061791554967031204 -0.09188767808909161 0.40438245983411425 0.073537903161756971 
0.11101273652359075 0.13191401744726397 -0.49649421771952962 -0.37285582492423841 0.20661195949036584 0.065948034031470301 -0.33835338893825057 -0.12074116149957013 -0.14303438285663139 -0.092006901160750568 -0.17468581990097395 -0.45678365289581735 0.3749096628130198 
0.31243545913178972 0.23824557770300842 0.30795074934480227 0.40922315588780966 -0.30812738472052648 -0.38702888305307459 0.21078333646576217 0.35192638091440398 0.14298890752263449 0.222505696977601 0.28811540351339449 -0.13058093550098701 0.017139424672060984 
-0.43522876489085216 0.15249078336738409 0.3088061242886147 -0.24830095432933863 -0.068629995886174397 -0.10453308119535827 -0.23536661563373201 0.50582160756770767 0.061254795266191063 0.33501090045302628 -0.22849345883887351 0.20448722876424061 -0.30562881444408901 
-0.24249881565400846 0.13657990235037279 0.11054781188997873 -0.16244951015494266 0.73323454411191802 0.082604059702373639 0.20876296984818998 0.31781739483129773 0.20612758751424459 -0.062654771826029382 -0.277638596763636 0.052781649941358054 0.26191619932944443 
-0.26470748117315313 0.22498346141549186 -0.22511536051949338 0.42295332900655125 -0.052598231235676848 -0.29180101190464852 0.1169542118052373 0.53555231748589815 -0.27164570679332722 -0.19179089263194296 0.15564274553280677 0.30598217538751715 -0.18141686286575703 
-0.294246718577509 0.30912757054146833 -0.17459996984407769 0.17189664335190599 0.44730482618029838 -0.35893699042725979 0.042410222250705544 0.40853443326843442 0.093812032650571336 -0.088603206077746813 -0.027153565011509184 -0.43456003820211692 0.23233178654989192 
-0.16772501089899136 0.05657978695516034 0.11203988847790568 0.37916132638935829 0.42981842445550317 0.1331701570509089 0.1783635457033077 0.22463804832061335 -0.44598096517036412 0.080229889306315319 0.42255372812873376 -0.348439857863241 0.14932843109199662 
0.182397426739556 -0.35191386732691265 -0.27190381751377163 -0.38624960056130198 -0.12005484384588544 0.16061072320699937 -0.20488498970707714 0.04430469999659481 0.4547887916343395 0.17683166774215542 -0.34792100694706068 0.42002808822780197 -0.006536643820056821 
-0.048312588162360233 -0.37623075449556753 0.34735114035895182 -0.076763881939311759 -0.04849577249210342 -0.11728200833548502 -0.41558403945935313 -0.15516194430079755 -0.26862198856990704 -0.0066989797227752848 -0.16852609863056486 -0.4670573455239288 -0.44489584587434755 
0.29938742958612935 -0.18576808862065652 -0.50138703755171254 0.16327112433561011 -0.31439431755752578 -0.29305943229429782 0.38672416300537787 0.16455532457999109 0.20685135338103733 -0.13624842056085421 -0.3593785028379628 -0.20355989669111169 -0.06714653808306921 
-0.010555927659585811 0.28984795644332162 0.39396561933869034 -0.35742055922532334 -0.16292409762334789 0.23066954084230137 0.074520051108123153 0.030410454535085639 0.24771578416816986 0.30822575507120598 0.37291025342945544 -0.33084840399655085 0.37656166478134151 
0.4206512057172252 0.13080970987136409 0.26731206876268571 -0.43250044199031068 -0.26688084088724601 -0.18378924525708015 -0.1501928142888386 -0.12616392062614618 0.092851037628884525 0.38464150708434153 -0.32281905392090693 0.32636159005721366 -0.19145623277257037 
-0.35226607236078566 0.34815326764424309 -0.21700958276391641 0.18103536137231785 0.04819253260887927 0.50212757939804598 0.087287816490605755 -0.013183053002946131 0.15652719599055442 -0.54346999689254216 -0.13247259921801435 0.093354633698585238 0.25779622891806098 
0.53973108674437209 -0.25397351336929536 -0.060025351863260926 0.069049263453438037 -0.29760185681316298 -0.47876045131607969 -0.3291322706909296 -0.074743756624908897 -0.051628850683005545 -0.2474162909134999 0.10724086279490072 0.19763748183344432 -0.29947005369574764 
0.31318593940836548 0.38097739173809558 0.36196802365342945 -0.13694678069125504 -0.50220833140441123 -0.36673776352856075 -0.17193683440688856 -0.070728363261087404 -0.15058550056720235 0.11905847980438317 -0.024541545292193739 -0.38337749914999292 -0.03590881274066407 
0.57630631994936821 0.39159288028348443 -0.1715946714334784 -0.43184901717924123 -0.20789688498204489 0.030923126554793359 0.3633671900054895 -0.18645343950145263 -0.036639968920371579 -0.11964197641442285 -0.14933458969684393 -0.16341654593793595 -0.15148368021026865 
0.2112858854439314 -0.20182268234211576 -0.41784533004961572 -0.13102535657011544 -0.45939482483097266 -0.27499778842954808 0.26213454488463783 -0.49573665402830946 -0.030220545168189211 -0.27473026946938628 -0.010924892282064206 0.077024467261904331 -0.19820356445530374 
0.24997057427398048 -0.02413128009921163 0.24365250088465504 -0.074367268678691437 -0.17231972439225407 0.19536031861729564 0.30662291982269357 0.049396768683854536 -0.47305144348455724 0.17315874877873053 0.27004213085636869 -0.55295418555823672 0.2743633722505619 
-0.1893934016232228 -0.021081772883552102 -0.10179663276656579 0.22080728132713456 0.04872138401408492 0.45439542586001874 0.033567490977481081 0.18987586734444836 -0.41211494523512893 0.11700666453152708 -0.62685270612428601 0.0031134517194989367 -0.28645312741004764 
0.4087536657464988 -0.38981076179960777 -0.22031010110238033 0.12763570272006028 0.15230575000020083 -0.28264123522333529 0.42337010530959601 -0.24416703172836371 -0.082126792422634154 0.27065393055827697 0.13513511647528209 -0.32631273898042279 0.26354855187775372 
0.18450520737250076 0.18370055121036913 -0.1551729217357036 0.092898220760436453 -0.52621326265981616 -0.0060691900276962996 0.09648415657876791 0.55434426539912884 0.289464619827838 -0.1834910108016008 -0.0054629061637042732 -0.11169751832236047 0.41951678731428066 
0.17179778049826261 0.13326280588220729 -0.10494695974539783 0.35745548689534989 0.6584579521486732 -0.32265783714576496 -0.018628738358831175 0.2355836651763509 0.058659651691304777 0.2378169589054252 -0.13986870554800074 0.12781134274812384 0.35287356814641757 
0.10078982608824091 0.094810768187514965 0.086943768198785118 0.005546117845902007 0.11434025059006167 0.37602965736876087 0.022899818797239214 -0.37382598500501424 0.68090172506472446 0.064988768741305311 -0.36867588268836177 -0.034289953397353537 0.27124099876417157 
-0.19120354844916509 -0.45375791543144078 0.084907449277475303 0.13976015688743282 -0.047969809811239689 -0.24021380446512267 0.21227095546836497 0.4335569211697809 -0.037473099744922099 -0.16800048785794164 -0.44485143314442305 -0.42857987441052348 -0.16299245523569755 
-0.33513028227530495 0.42945299021606509 -0.15286197423368775 0.0057041880174668966 -0.44912467586201038 0.045329500814459668 -0.049372849751700733 0.21643245189091359 -0.5149302859139685 0.046397136420046149 -0.35735533559244109 0.13446903366016602 0.11712996637636401 
0.30910812132417542 -0.40651906265448862 -0.0085403402033599578 -0.13412848126180579 -0.043135303992376237 0.16082440603602594 0.50099187850816373 -0.48874780036593768 0.14794966932119064 -0.11181450888087485 0.33675467336184806 0.16108522026551178 0.17261190035735149 
-0.22138610597771263 -0.36367836452751895 -0.34268566804076706 0.53511441231380796 -0.1504195093698143 0.14620485859600482 -0.052492427018002899 0.012536776030436909 -0.29561489800304069 0.24747564728525909 -0.29495040071401679 -0.35862852019696223 0.061549203763136516 
0.52638151111606823 -0.14048090676333205 -0.027131834497333626 0.13331250576674608 -0.1043818448958671 0.16500202344102383 -0.25127885566633235 -0.36615486170500927 0.21582788592222241 -0.14584069524520193 0.079157596207742487 0.27807792663897091 0.54580503163853999 
0.013203713775273107 -0.085199926734908851 -0.42670703519067948 0.33832819770059996 -0.10290284648233745 -0.53270107255645349 -0.20774082142380434 -0.014217618334713683 0.14114340359887914 -0.14208513938119374 -0.091721080025243498 0.10031329732058103 0.54746579049257948 
0.66938219222104345 0.23005491167679745 0.13381033727555713 0.2158134831743484 0.053552468688751409 0.18944855185115406 -0.14254606690163998 0.5978458028806668 0.041755408038142747 0.06949329425369663 -0.088230273676407373 -0.046227440631241117 0.039109551899525911 
0.18359544646052839 0.22772433257115746 0.030959466773677495 0.0089226379092316992 -0.47461028998132543 0.19999235758514336 0.35992382306230319 -0.23838061143977463 -0.40437010004644935 -0.13210079331213162 0.49479163793047987 0.1801111909027942 0.059575918938645986 
0.25773119001151945 0.052919690063917446 0.057960723625509053 0.030099955922043349 -0.023091326406420604 -0.29972716943219685 -0.26420853122219717 -0.07098709363690614 0.43853820185184772 0.46822534784895325 0.029795980928664579 0.16505212152105314 0.56710938295412294 
-0.11633514429297047 -0.19487517459884829 -0.027488681383535597 -0.36845362765118223 -0.28421557936142716 0.44900362323376258 -0.42815057894233671 -0.11117373423843206 -0.015051978682329801 -0.084552800693907623 -0.31627566400458329 -0.037699823864388173 0.47444021752326587 
-0.13950764359421042 0.21219527872627053 -0.33046508031576355 -0.036795653194007155 0.086136103605990597 -0.16713828793511049 -0.73654666575185657 0.23584331317909599 0.13239931871639443 0.33783133817077876 -0.12671798539460247 0.0018050321726062928 -0.20916906609913896 
-0.16436425021431247 -0.0086941768042517204 -0.37151548925918343 -0.23091567874759283 0.40636997332795199 -0.47679731506458733 -0.26799035941076899 0.042615372147389745 -0.34971242889663523 -0.24136616016151921 -0.2998990356768832 -0.013304063887827624 -0.21161999343810001 
0.0083634588847820105 0.30279463543030716 -0.19750831745120564 -0.4798795035661042 0.05039515266312989 -0.61607689415269407 -0.075246752259565425 -0.16663148680785025 0.24214876661704599 0.14992382712312094 0.054494761173267701 0.32972850438623158 -0.17501230285086716 
0.26873595457172317 0.17772684792399554 -0.031281408792708555 0.17561325355716922 0.44642038521862248 0.24030325579540596 0.0037992558849401737 0.19897998292632754 0.45596924799821797 -0.30824723863170223 -0.0082797965466658626 0.25432093841899983 0.44727991220026087 
0.14195746153688515 0.068069555714288535 0.37903558037847418 -0.055847183141521789 0.087561914293559154 -0.58083005979426017 -0.097546307003132604 0.10415557058436575 0.55754947658543308 0.20459382276141727 -0.13325137427608255 -0.30344319822223498 -0.021901349398830965 
-0.54715534192071247 -0.39339258228541996 -0.18864589484662103 0.20583827961039602 -0.22680714507874009 -0.14013386760245805 -0.35858780869923967 0.07269843693975199 0.08009698274693762 -0.059346110837821729 0.087553272932294798 -0.05531317582762714 0.49223446170271012 
0.52541924925055639 -0.30388893083998592 0.23553601921765036 -0.32182256476288368 0.18462098722967107 -0.053081844038712751 -0.1285733603810473 -0.043743822212373884 0.11686799042331897 -0.053379475217534951 -0.40105936410719245 -0.12708747898378478 -0.47295305496869255 
0.055697683532614277 -0.38554996906081435 -0.25989483389118467 0.33117176966480572 -0.052253713285001516 -0.28809663856171602 -0.033495948852616766 -0.32220401057341302 0.21177476047747118 0.15182548541544541 -0.23204525620625302 -0.22608342201728768 -0.55452967020935962 
0.2867959065196416 -0.26239715308608275 0.42623812565941677 -0.071977168453651111 -0.12942034261084004 0.37442034126920598 0.0049816898288021026 0.25500159835529568 -0.095781813157686357 0.2892659522686834 -0.52277569608360586 -0.27131432964091168 -0.017044040565486161 
0.16203860815382634 -0.55691342393283627 0.05303102425070285 0.32164345668382577 -0.12768029556994651 0.53279005805779511 -0.10597540676947723 -0.15421750044279439 0.16453441511438419 0.23993443404797238 -0.15546723003828319 0.20273256682858984 0.26876037125644375 
-0.51267542391382881 -0.21887342330566542 0.14622654158964038 -0.23402676274860415 -0.12386804359971616 -0.018952049696421374 0.21864707946607484 0.30510165567801767 0.061805268955828489 0.57478282294517757 0.28681188036379429 -0.16446189302956393 0.11405093277889153 
-0.25801586625534884 -0.12487993995438411 -0.28326611923315786 0.027659801465872956 0.67486276672275314 0.054235739296946313 -0.13254677423420247 0.42429837382091812 -0.27666203183601534 0.23732323432517916 0.035299226732282148 -0.028596016738532595 -0.2142920034224304 
-0.027014503448101791 0.74020866273253538 0.36193174822240831 -0.26072052749725544 0.033853743956356111 -0.027688693350013571 0.23068827588896876 -0.11792347350170562 -0.11284452803324715 0.1259555200710768 -0.18620840495817126 -0.26916263105581095 0.21825450707233421 
-0.045763928379439787 -0.33059486384090975 -0.43949679818972892 0.20781955350184517 0.52656014834885179 0.085047373002041432 0.18500198084325123 -0.051709852035150675 -0.042683758717492734 -0.14857816325828976 -0.40932850392191328 -0.30750548052158067 -0.21180460499763668 
-0.27689876095340049 -0.15355172885393767 0.12656033973833344 0.23594071812672757 -0.43401869619116129 0.33274189798017462 -0.083568497693422658 0.14140293465834344 0.05768374163816866 0.034415588005737484 -0.098875623772486002 -0.42443995413302887 -0.55457912622451144 
0.42193511141199541 0.058697174225909352 0.40807190972946533 -0.10776763402535081 0.074844971279311667 -0.4501407754449554 -0.10438985942362057 0.25490317567047488 0.053771229363616987 -0.29624838222665301 0.42951872156271592 0.035235366974278523 0.28267505291895978 
-0.14725563427635463 0.03728577822497306 0.35190385157931647 -0.56788500248867346 -0.17437804620541039 -0.13781164422994799 0.27190046569493659 0.29646669301424594 -0.063564038566330583 -0.087926569781670141 0.5526039754938743 -0.046141189285989842 -0.010104689980944321 
-0.2719849606149381 0.35188895369535017 0.14243484573402451 -0.34688626888027213 0.14906009557179903 -0.16337115018208245 -0.090021764682278765 0.60591981730146793 0.1648933429191953 -0.44261699868739013 0.018111081157736963 0.057074534963625079 0.10365159363255247 
-0.067772239019794622 -0.26497711027092002 0.18976069136854415 0.14172009942492772 -0.44709801682427708 -0.37870049617744728 -0.10150500927376993 0.47815285816099667 0.083858188027695069 0.34708472947222879 -0.080194450716696744 0.10218228669512927 0.3774703275497242 
0.16405164794842744 0.46103345962575765 0.22827282538546514 -0.0020348649230992823 0.16720292882993237 -0.21501805335965751 0.58993813013893337 -0.059014462885607702 -0.063679747773923143 -0.11914543667146128 0.069496849748784006 -0.40547609994450046 -0.30859661439720759 
-0.20817759654005782 0.26805016423642364 -0.029197768747207798 0.14150177177595666 0.48924831413393 -0.11033808244159904 -0.13407881595372514 -0.40065438497899158 0.061463361593316362 -0.42193668080411528 -0.30923974003798937 0.31849216400928348 0.23456701269664512 
0.49581435175091321 0.11154261892377494 -0.30575119562924774 -0.21892634825172291 -0.10442896351481661 0.55863250700413736 0.16891149514994519 -0.24639987985897654 -0.1713736396213992 0.12416811258128856 0.093876606431334136 0.21461966496161455 -0.29737701747226447 
-0.30076845712400929 -0.066161617832078301 -0.25088826253821794 0.26178745666303926 -0.30363228840934214 0.034948641692041267 0.41615176797230413 -0.10637138268248858 -0.23893776073563022 0.12839740876768818 -0.24927986063971661 0.59864541696707152 0.040967198569288786 
0.021845874137848189 0.0022053414307760403 0.17857299834874266 0.42943134769802832 0.195926651389873 -0.13691256481205116 -0.52506439912445169 -0.09443186276237589 0.42321585487521218 -0.17567310324330654 0.068210844562602582 -0.26023292500259082 0.39891026493953241 
0.12008469796637368 -0.30193422256000541 -0.51592228843457377 -0.36832817374955279 0.071163153775492718 0.0596722597522776 0.23222106588245814 0.13782990566773173 -0.46450509512776039 -0.014687725548865537 -0.36820302427410523 -0.21303394671959619 0.11869127046252941 
0.11655978026910492 0.26202688381543915 0.20663659344539764 0.12666590208861242 0.32695847303960091 0.18400654830265636 0.30921170109430912 0.063659435659581445 0.43838472991261851 0.47574556945916724 -0.0054709209028539476 0.32456559874889473 0.30773424797839638 
0.19676944258007781 0.15619302777770719 -0.64806035337443124 0.025887151352252134 0.41801369109702702 0.076926474921365881 0.073730069445751376 0.058576652014779136 -0.14907964116400912 0.21301724855183163 0.46119803308242924 0.16015839055662281 0.14407379759808805 
-0.1874761531662352 0.31228060133502306 -0.40348083653844263 -0.076090814460462772 0.24263081319011884 0.26467858556686374 0.32818862768987916 -0.099526833322201858 0.53483411433381611 0.25819772648491041 0.090750570953127968 0.15271647667680222 -0.26064824048440144 
-0.088599372607853472 0.4065185370567862 0.066613914540419636 -0.12393383743405134 -0.094231265116080057 -0.085758829447014476 -0.046766021578443701 0.615183353642624 0.28497960115888132 0.50686819360142588 0.095798195128135755 0.014603542810629243 0.25040925819653392 
0.38010117404666055 -0.46003535073779583 -0.18356624767756557 -0.48224844725848526 0.12299998840614909 0.12593982097487272 -0.20456294409637862 -0.22523965812438165 0.21173381243882236 -0.41616059605720568 0.15042107910960995 0.10514376260461142 0.048571011417080784 
-0.18161588261286413 -0.28956024284634319 0.065140420304845556 0.058478613415091474 0.033791258925759161 0.035174246080075654 -0.076024018146871847 0.37425852452555014 -0.46256582715247091 0.53296572520117014 -0.17449484708063262 -0.42747391911572397 -0.12679641638641739 
0.044780466298510305 -0.028698086896865913 -0.12394613994414221 0.36862683823035058 -0.10115765555799532 -0.32793447908046486 -0.32668494014075417 0.27106851779038804 -0.3412054025247569 -0.0095918394936663504 -0.60111683609881783 0.20980390486587761 0.16147877148653669 
-0.16300785111939298 -0.50138021202205885 -0.42412066710882346 0.049638229992771926 0.085346425126115746 -0.44908579540094706 0.25527390453119397 -0.057306802509231758 -0.050279204587788756 -0.25674726617699789 -0.33423705676041787 0.28211009102876272 0.050452539915207914 
0.46014061637203657 -0.23782422452215993 0.35142305658794265 0.38567127285581304 0.25394881107930373 -0.49227451262384869 -0.072401565023241785 0.021728997261379248 0.02587060594602799 0.02400750782607429 -0.12569620070394352 -0.32962752930015154 0.14571181829885535 
0.15914829462123728 -0.34677284103771877 0.3641836036493436 -0.039506850059739834 0.36829724672851666 0.44589975266123522 0.40425422061508487 0.26989753611894546 0.21289019481301397 -0.059599486749177186 -0.060856549436693871 -0.072354234208463819 0.30278925628933728 
0.28248801484173747 -0.24081106735572042 -0.06115059995491031 0.58760804134369571 0.49402985401916139 -0.19010131447574447 -0.28857846619641214 -0.1697073060303573 0.15898269030745898 -0.21947688059012316 -0.025291888866909664 0.21577648328436649 0.01615767839774495 
0.21882840976253895 0.10739206778043742 0.42164807167288848 0.30994427160153065 0.33723905909616941 0.48328116137978855 -0.22148213401678246 -0.12656379570484275 0.20012516416181533 0.35648099010478296 0.098564943398067498 -0.23203913643571106 0.15387963632750501 
0.084728268156766068 -0.14652952547206002 -0.0043190198634386768 -0.2456711894189697 -0.18583708189472237 -0.06508382986735009 -0.33325855282486533 0.11209312005211697 0.11003855053191312 -0.29524453234025155 0.43940383522649895 0.020662241998679182 0.67512909865413129 
-0.45799381221143426 0.13403169063745971 -0.4026309863085612 -0.53979359975464636 0.168513412478657 -0.12086932120534061 -0.041700387738712805 0.16790314422190139 -0.036929430629232186 -0.17031142964971405 0.13296004420701144 0.44444035037860607 -0.016625790865371057 
0.13087545868077996 0.32956575943376054 0.50696006395911575 -0.13963237951678562 -0.21468683093883756 0.23768977464596727 0.045278265786494722 0.30441662392501517 0.27068260321667281 -0.20137566527452555 0.17109208952872024 0.28681827268115889 0.4184344574107462 
0.061389197600518419 -0.11908740113856305 -0.32599416535600184 -0.38601512901251434 0.073265003459493952 -0.084813073239715722 0.019472036795467537 0.23005873292006154 -0.65482030446203066 0.26226534336305618 0.22453881498845932 0.28377197683196759 -0.17995979263340345 
-0.2374829009159555 0.27614641966485076 0.30836354791743337 0.3606082686422174 0.17175081872489945 -0.29160165755632267 -0.04345166031793387 -0.045215311071417873 0.33958214653481661 -0.050299210573274016 0.25117517155840047 0.17872988426424632 0.55756336039371557 
-0.28707020601104177 -0.53470417910062706 0.18135697678389348 -0.41499001466042718 -0.22658715361888751 0.22876289801526817 -0.038163152327209751 0.074052886735832421 -0.061754553346373274 -0.022292766459613554 -0.15041325363869656 0.26712501207949713 -0.46655128679497909 
0.24273362792243816 0.02019725480842011 -0.28641435417579275 -0.37047577731617415 -0.23729854409304851 -0.012392307190329082 0.18235752909617653 0.26770787251792394 0.16968357444119575 -0.58473344542906747 0.42396965241299145 0.068310030455139531 0.069848315076851922 
-0.041263191971941247 0.027655830349141753 0.35790999326558631 0.19304097683845883 -0.24463101322391126 0.12546306731784579 -0.091348655271748458 0.40863391053786291 0.32613526199134085 -0.017058741880691081 -0.49263712631475004 0.45802370763823708 0.14874237356463094 
0.28439439645885595 -0.38639784894987689 -0.67756512500491461 -0.050173001632764967 0.25501461159626126 0.33990336058933096 0.041648079394191573 -0.11465556724117852 0.075439475690821239 0.0423605622956926 -0.053406687834666629 0.024348072652798813 0.31910320887123894 
0.13859454379632888 0.22055129237684232 -0.362371399814999 0.23290179719620877 -0.041273144598444937 0.35711409531219601 0.36654942796938023 0.31678187968644494 -0.15498830794526253 0.35640573004791509 -0.13548688051581645 -0.30546384277167754 0.3463205672468303 
0.42937519761972381 0.25766760062335248 -0.11497510945985204 0.070706528790129744 -0.1647217198902898 -0.35166849829054075 0.22465195646722372 -0.25277576681209457 -0.17264074203116539 -0.022855408470025419 -0.29645656209116966 0.589191189842314 0.022307931852149927 
0.20015226424948121 0.38519690579082788 -0.45737484215391788 -0.10857513451077125 -0.35909704209234594 0.0027848318958687245 -0.023767014045813797 0.26026279963080912 -0.43221284034899754 0.075358454235540828 0.26713971056064362 -0.32348976612759295 0.15756262984640801 
0.31712753749388611 -0.10204193234870979 0.12986859836555001 -0.29280503444992712 -0.47071986414823447 -0.2921966017723796 -0.18907571354310879 0.0082998626744126801 0.38442719252396046 -0.21685012947802151 0.094043670014784267 0.44030900612539314 0.21475076821788305 
-0.21341765626644985 0.46311500072532086 0.064718989839571125 0.087354150141417702 0.045562766161427661 0.027477084373891052 -0.35929043193802612 -0.22329494873595382 0.16139233465534797 0.70263868268006446 -0.060077660166827349 0.11840403997057783 -0.094865454453167172 
0.2197413095988372 -0.15725985677834739 -0.043359085133894963 -0.19269545062726587 0.20023653170609751 0.33887660917962009 -0.70344272825758725 0.08023094288032756 -0.41015576025649014 -0.045514492476331568 -0.15734836393201632 0.019569317943100607 -0.19060446951538801 
-0.43926460446139337 -0.26956802291615695 -0.36595204192493791 0.36636099865425009 -0.23557870434654651 0.029499372693956805 -0.15750229004785504 -0.1600230898638709 -0.022621360505439697 -0.45985940756097859 0.24511309734788569 0.056162108965910833 -0.29024041194365269 
-0.11557575047075069 0.12731301007947127 -0.28436684319142408 -0.42301408212892322 -0.5392945487605435 0.087312688949199718 0.096123713930201735 -0.17117296203328838 0.32512132887177542 -0.42752014694972379 0.042359599992377671 -0.25006603697466101 -0.14429638873250994 
0.60954552111310978 -0.37647642678377274 0.1916558231610323 -0.10901217269035085 0.35091000548315771 0.024801270159618406 -0.3001625781753795 0.22195469684539337 0.27590007647751064 -0.03601590888164749 -0.28240384924465428 0.043749682006980595 -0.12611814717061237 
0.45946555443724041 -0.17241070298842384 -0.16478796187832379 0.026017161605325634 -0.4295190323400544 0.55682554464436829 -0.13124053240982517 0.2774261586144085 -0.12109247650307413 0.27536146401585188 0.16505938266306072 -0.077993609429568803 0.13707087551171598 
0.18816521201903408 -0.24496531206008434 -0.2246090195696577 -0.3508338966894709 -0.083531041750520771 0.23216140800878718 -0.29374647984915508 0.2420807268655305 0.10632693512791498 0.42067706485656553 0.19965282858483846 0.084848579476672611 0.53847065254807125 
0.49130789282057524 0.042187694726636603 0.19537984828603144 0.2352351723503612 -0.31700280885160953 0.065772244707728758 -0.13923572290611516 0.36399755259384359 -0.18571499500686925 -0.51846608127505933 0.22397210845761584 0.22088661092178827 0.066172279415932844 
-0.09751816580564808 0.2389951750195832 -0.18224225809511163 0.069994890644225982 0.036414952647249817 -0.79061121939700063 0.23810425596819731 -0.072443947310125628 0.13912279573047309 -0.21406953853984598 -0.17035332265072756 -0.22946862828775497 -0.2450898846335185 
0.088516281933521387 0.36028424476551552 0.089527255616667148 -0.34739376065659311 -0.34772983149751535 0.30964891569291186 -0.33647242721261184 -0.30295177019461472 -0.42598586262331112 0.16046396835790028 0.28800469747093282 -0.14530238203368953 0.024464096906739161 
0.14356453355345966 0.20016893325507359 -0.34207940311125473 -0.37156263070894319 -0.15454415025863022 0.42363626537753418 0.18929320743511202 0.43428552415419375 -0.21393441793004539 0.25173173087810735 -0.240872667627795 0.29882660539466638 0.0018221119268150626 
-0.52695433960211469 -0.011791544221242067 0.071124894602625138 -0.26621269588674684 0.18786133116175854 -0.45480247622047032 0.084214074934447616 -0.38666717174341397 -0.18716405463734431 -0.38851824788411254 0.010741503404342927 -0.22568834669447302 0.10239153830418357 
-0.32895952477112544 0.11973422850669133 -0.27034024883369917 0.53742337709845345 0.011633157363616744 -0.20833100256691489 -0.16287017394107436 -0.5174409576762975 -0.022242912433313052 0.079478145357116628 0.24686419884863298 -0.21106375570860264 -0.25579536661876145 
0.1379494778065084 0.17541850643708151 -0.27849244947958263 0.031363852097184952 -0.14832801344314986 -0.32203863965412499 -0.507339766544045 -0.30653040713951235 -0.37925707630485883 -0.38508542968948628 0.059404103008176598 -0.30820538763713956 -0.062815705100078126 
0.30296517503375359 0.016964247907171253 -0.070425389932875226 -0.55571409126663984 -0.044910652480224557 -0.16736696656442598 -0.6159551852043913 -0.39359428980999378 -0.047325851530325036 0.0013688868630687676 0.0061978130378741976 0.065643706694469034 -0.15235283944338962 
-0.052990950320392673 -0.32087974585734097 -0.2608742491101177 0.055833144698362015 -0.041427535982954941 -0.18169123846301882 -0.38625640867908911 0.24828090741821965 0.56060444216964167 0.31661848301282886 0.14832367875921235 -0.33750933822346535 0.16447794212805517 
-0.066651920528051467 0.25942390314914548 -0.26367783114753901 0.1332319604716922 0.15541159110486619 -0.26164026681971148 0.061296586053493536 -0.032599696890653507 -0.50522636997924331 -0.005952527773604748 0.3850301199150013 -0.46124788039057685 -0.35674176171106431 
0.34664620242067484 -0.38772836630907265 0.13077013521947983 0.04821403933560791 -0.10119645547029982 -0.070313716017206207 -0.054246266907708222 -0.35990440664753309 0.47220097056224758 -0.24340488018376052 0.34060444992979638 -0.23664098179081575 -0.32892109072315512 
-0.28507722593862533 -0.096461942118337113 0.18746383913459921 -0.18597771025703555 0.04545141109924513 -0.56850394098990764 -0.084376764532840862 -0.62700693815158526 -0.010769393903086037 0.31253424296558224 0.11789591969533568 0.049614018683773818 -0.0046192100262051851 
-0.027214981122646878 -0.15418372821778042 -0.093394100068248997 0.18779908775689005 0.0084650524657230667 0.32672477222516877 -0.066944462891632861 -0.047176429864151326 -0.51160782998106102 0.02931413239604222 0.5455480547932402 0.35969056253668924 0.35828199228730145 
-0.57544036398153509 0.057838322950795044 0.1938018948062431 -0.085241347782838831 -0.0062095695910174145 0.30936982320752693 0.045686763478440071 0.058886846313290366 0.024320668466727039 0.015986637934809766 0.38720251993657756 -0.010546674605007444 0.60705071905673913 
-0.35246302604503982 0.10587236027359431 0.39890950920649282 -0.14358790995077977 -0.045963949129866732 0.041231916102278957 -0.11020436884764027 -0.22029905504295941 0.32911878033477421 0.011751372229625124 -0.2022201605897479 0.62036688910957871 -0.29346176125706619 
-0.092450912511571448 -0.1735637542403701 0.34080770635562485 0.031586030324716574 -0.53122970600328978 -0.10536084532633648 0.0023018645314705328 -0.072202580487038093 0.17279111664606253 -0.62972607977119766 0.17310720753459605 0.14846614670136779 -0.25929993238836008 
0.37582041609008754 -0.17627023110833004 -0.48188135520882358 0.080807760459578187 0.029875651875237809 -0.16440087358076658 0.051918204717145658 -0.26935612180974972 -0.26216295233930165 -0.4458824995919915 0.34495960151667371 0.10524758460660155 0.2969260276807123 
-0.14817066322482619 0.52459695156892672 0.19958053931384304 0.072939436684047176 0.41385892323680934 0.00056942937433560102 -0.37962889401995836 -0.0074741531763312264 -0.091963243651454932 0.2166562656012678 0.12168700386482963 -0.23445614491811162 0.46590005444065419 
-0.37269091656818765 -0.041368154597918663 0.24095826534173836 0.2033177720457546 0.23663251572632243 -0.39789106898013477 0.051260341160787204 0.59628411200739029 -0.27424959750480893 0.23274653837296758 -0.12155514045276619 0.061818671613630076 0.19878517590197384 
-0.026602248188798527 -0.00072012390745886242 -0.10677102288698208 -0.11295107300313631 -0.55023828964601285 0.23250259255278835 0.08495614459884282 0.077177032210896029 0.42844278718289286 0.50849436965991224 -0.021546736491437759 -0.36099670724560495 0.17952076060771099 
-0.33438449799558784 -0.15174572126390609 0.17883599568730285 0.013272433587904347 0.17829211650842275 0.30045661919685751 -0.39506533122001225 -0.22709269533050139 -0.44849365150719789 0.18454705318646211 -0.51684247708554121 -0.0039589212235439184 -0.030754125569970137 
-0.042942787597188205 -0.098783766703681927 -0.5540896492637184 0.080850629736257285 -0.37728227564000844 -0.3726741349807931 0.068039198745583368 0.15656693151870194 0.31210535455713978 -0.14823391958002263 0.23613810957099077 0.41318584338528647 -0.13641210521541192 
-0.17968749431704142 0.29360301445894005 0.15638993424125883 -0.011277316229095958 0.43766207930028983 0.012538271953155558 0.057171269533855061 0.22654075807786517 -0.097897454620641519 -0.00014136309281602191 0.32009812533384341 0.54997252417263442 0.44284714411403275 
-0.080881149909172959 -0.18233058300965141 -0.069790306208825315 -0.45690651533729271 0.11541362553482794 -0.31440638555686556 0.1726954093147422 -0.33737531759018369 -0.10185156810538583 -0.22341574694622904 0.29043500562252422 0.38349048620209764 0.44615723072399888 
-0.094184715200560501 -0.23702396449134205 0.33643283722354345 0.030176478116953304 -0.34201526600074844 -0.081749582977836105 0.222065314882465 0.17739265597579298 -0.29408689610024974 -0.36165838987183824 0.27461632617552223 -0.15231846186597023 0.54819127781554278 
0.11359150847950521 0.23809211029405622 0.26555887846797571 0.64713978696704666 -0.25821358988058346 -0.45564950298649837 -0.2580941466386425 -0.16539391380379212 -0.08961981475801617 -0.06976148205802235 0.028006034483326812 0.14879649659174568 -0.19239573967001419 
0.015221743531985805 0.51777690775701546 0.041794513719478649 0.11469448458531627 -0.018786880382944984 0.045454416489454176 0.24122870636533394 0.59746590094886198 -0.16430901503807663 -0.01998154238004328 0.0050078154274143961 -0.44986928159669759 -0.2634269548157338 
0.015510908753833137 -0.1560218775881172 0.47062229775636349 -0.054439180534446741 0.67105475911049339 0.11632264173434823 0.023286691616131266 -0.33700535391205333 -0.095430890660146775 0.070225871475827095 -0.25783359793171057 0.30331125683502225 -0.022196350197147371 
-0.41435171020915817 -0.11243045298568305 -0.20886198924228261 0.032884138574870735 0.52765482437674038 -0.4779959117060793 0.06689302217126282 -0.23568870695981314 0.2580462798724536 0.09781735329471905 -0.34477394589562665 -0.030140978648144114 0.09005630763501235 
0.32965638461583063 0.31982126191106131 -0.080860801484757827 -0.084916052617180535 0.35040201602295801 0.051348869847775633 0.091317333900390998 -0.71072256993622096 0.18267354668322305 -0.28289535211365097 0.065115221882686508 0.043489886623895087 0.12991285495689125 
-0.23658386563964329 -0.20124996329613437 -0.083568046498244772 -0.1036571644269059 0.16725902366819068 0.11291398835159608 0.5166868444644217 0.30905543209538033 -0.46858877259121162 0.32682218211668185 -0.33294938098333055 0.13740667408409582 0.16269091752000123 
0.23088609123647402 0.049484829427897857 0.022689196345179713 -0.4244191073336106 -0.0030395179392498886 -0.70009302598151746 -0.17165938178566584 -0.017426457192580909 -0.02624133218135808 -0.044484053214563654 -0.042243586498763551 -0.31642280820820395 -0.3729759041910215 
0.13297458741294299 0.29101492763957187 0.35607641324870648 0.47386643626585023 -0.059886446582892494 0.37150638323869639 0.034363212937531487 -0.29912448669819941 0.066123071875655109 -0.36845017663408719 0.057749339838882682 0.15465203606217443 0.38294720194654946 
0.14057441320067848 -0.15249103014467988 -0.053276314310118186 -0.58469791980180108 -0.134698982653743 -0.170182902949882 0.21955627139897357 0.37702101230010376 0.11956209666628687 -0.21497897231573085 -0.46719363299797129 -0.26128063709762822 -0.1666461672157705 
0.50852950929732832 0.38564804828175298 0.075085951637574769 -0.094853705073445191 -0.12422951575617096 0.5569726321177515 -0.31035921274172162 -0.03569500057244309 0.24038565041939691 0.22660355385365505 -0.2104665545436856 0.036747383679497675 0.0029603517788412371 
-0.44358614986784178 -0.093862487351432822 -0.046926318344548336 -0.044523227140617933 -0.11554862584214785 -0.19343675287800396 0.085465749441754627 0.10814204550031851 0.00039247313625763854 -0.48865918523286128 0.68669527513475759 -0.090049066705931907 0.044957943903088014 
0.026485890679045752 0.2530194144014426 -0.29849237068808632 -0.48491936131920571 -0.1798798328946962 -0.19537682034874559 -0.038831835517944356 0.54702383603842175 0.12573818047278251 0.15307394693071819 -0.0057399521315483915 0.15241250890503674 -0.42102149963537605 
0.35192485907704524 0.018639610480161217 -0.18082773108205988 -0.14340265598143573 0.14572067712797268 -0.16777645747597461 -0.26526805766929129 -0.27015352195956138 -0.18062390686046315 -0.27401040888663125 -0.38417247560159717 0.24419116054029341 0.5611420776752416 
-0.34429502239347853 0.19096921659219077 0.37491060188451997 0.12501583912862038 0.62306130100836354 -0.15241853233605351 -0.11870161423733913 -0.05270511680138084 -0.39979173675124374 -0.10260810730957691 0.17163605316435601 0.24632800726169557 0.0013422704271439311 
0.2026057403600432 0.090330963645237308 0.066806830126034056 -0.082112350415351698 -0.39145920650082067 -0.1601426293915775 -0.50482414812845944 -0.37965421026483265 0.424883843234792 0.086840103498736845 -0.37198167362408796 -0.087415741871965602 0.16623948710483408 
-0.496265538160368 0.32453366608186929 0.14548344462162968 -0.61435011746174639 -0.20672327232704157 0.056891519821163812 0.24111041631587504 0.16788389864965064 0.13895298874775583 0.16328598062108751 -0.13817213260983344 0.14981138341041816 0.1732376683057878 
-0.53625194220111183 0.32665752337503079 0.1691978225422151 0.021189692745726244 -0.25146074428316412 -0.016756897724881696 0.23568253083527693 0.45258933409929264 -0.079480310428502246 -0.12054890737542276 -0.19178940224742014 -0.3591119195640517 0.25721867361362788 
-0.046438447659401041 -0.094923926696387162 -0.10163617133496074 0.092453571397109552 0.54997782387987182 0.00070019356959425717 0.17748601662483005 -0.40610748769529914 -0.10557782732012823 0.028871398921615318 0.19426208234165149 0.22007019021100882 0.61066012583846419 
0.1462869477993414 -0.1434291548574376 -0.41424643566417951 -0.0068752122707476339 0.26915319383794406 -0.10772318478871809 -0.43859606100090143 -0.13570041524105275 0.14964564423562379 -0.28416300271113742 0.22105696909267258 -0.019337849698716065 -0.5823825441717706 
0.069667862887385704 -0.05903623219536501 -0.29975347254370494 0.26014427638049803 -0.47727601157868643 0.082334480006638233 -0.53956681983445809 0.4983658161500118 0.096160770625021735 0.1280993459525773 -0.082190288097209116 0.13254793402858384 0.10040513542818903 
0.25351015523454945 0.18087744295895233 0.25870111634745174 -0.044164623070499391 -0.25282153621905207 0.24478535628537967 0.32721865011290158 -0.22039472605214117 0.10394985691032017 -0.63150619581334921 0.18515662938407637 -0.32847201605028631 0.053592904144513898 
-0.13024731745746557 0.055377622622340486 0.19604790965483296 -0.3274524909041881 0.26470379021921842 -0.34438651115603397 0.41277074065339653 -0.014918397852931926 0.23370032623835862 -0.092389827614081668 -0.26679014393245598 -0.5427250157861474 0.21484292769765162 
-0.42542407710221908 -0.25607716221542209 0.041954534134659077 -0.17865097603554228 -0.26631858101571604 -0.038072802562794571 -0.24073590120763619 -0.56974872066297799 0.24341799173887527 0.1955230721124272 -0.37476584796678108 0.13810708385779372 0.088404671140827062 
0.29180835809662098 -0.28701635024924815 0.23428239280271876 0.38938224166845137 -0.013497277861403962 -0.16715053638645713 -0.30538198436713954 -0.67261727804966576 -0.079614239267590065 0.12903429835558497 0.05262622933843613 -0.15652270864519094 -0.043725668859995424 
0.054710709399331911 0.12514682057018589 0.37286670670422428 -0.37793899930702013 0.27342667385085817 0.13958065435979225 -0.1204458561330139 -0.06009898971106236 0.12398527060679211 0.13108192238630031 -0.17196677355297388 0.14050093949345521 0.71080633272031446 
0.11670356039780969 -0.34322136815335952 0.031969554755190609 0.11349968847726702 0.29074536300165366 -0.50551987776659457 0.022493456077622355 -0.15220550253197343 0.12703968721509898 -0.5998699589584402 0.10672301569147923 -0.10945809148272347 -0.30259796854647175 
0.27349583617231882 0.085755676634544739 -0.64791275693492656 -0.068771273394245866 -0.02972062305155217 -0.0076281948917250111 -0.1475631680779087 0.091196359513318559 -0.040512176817411781 0.53247881779668349 -0.17334953601196762 0.37541993283921188 -0.078276931744416786 
0.026068710294042508 -0.36144683534994793 0.0023124586817290672 -0.1077395209701075 -0.20822110954514178 0.42597431069167757 0.39170088788771662 0.18334790369452258 -0.48151661759350051 0.0030795853632535927 0.18549988587044725 0.3771123881112205 -0.19161308602190286 
0.25385229136223181 -0.28429440399353939 -0.24377390362557641 0.14663470779811361 -0.025458049123997243 -0.038560794656277625 0.10865313652340963 0.30389582420577366 -0.015138156977714329 -0.10581381439139477 -0.26157810594782821 0.76651290740291689 0.011142682493197937 
-0.28724995333002429 -0.37801936697019028 -0.092434197338681232 0.31923358576380279 0.3599572331219883 -0.18406715506177446 0.3063474549478355 -0.24634727413943591 -0.18533476268730914 -0.16068659534000587 0.32635456611583086 -0.42271301790692245 -0.028039882254042272 
-0.44138594605280146 0.38051014811645495 -0.16360155672190935 -0.40131656439052971 0.26047396868695011 0.30088921053432921 0.39153656407560333 -0.016020014944858101 -0.01259745612193694 -0.20665481723574702 0.079951289904247089 -0.3219365449048136 -0.087927443013349704 
-0.025829221356941143 0.31955579156855241 0.066519061043286795 0.52035175173062531 0.11587578576573791 0.079930814045804238 0.32071997008134734 -0.053801623994464504 -0.56663308251965216 0.13064620657790701 -0.1490143585373456 -0.36385305273086188 0.060978398985387469 
-0.37727162062623387 -0.17634083804681694 -0.17260688289494663 0.11873126588673316 -0.22524409933979123 -0.24431861090189874 -0.12684604368773117 -0.17280461043189863 -0.047442780847860133 -0.20104889825582165 -0.20783916156971097 0.54738430290103557 -0.49071761165678296 
0.26361430190059459 0.3004852205953612 0.7061099054622354 0.24749868692846691 -0.1366767118542406 0.18509858961817102 0.094218221077113376 -0.25067077472823751 -0.32801175701789731 0.13734121044218417 0.072071262344658604 -0.15088578652766968 -0.036045848950808528 
0.12758577294287593 -0.031354293427946447 0.10153626978337088 0.19111229509814059 -0.52667599286315314 0.31300554864177449 0.5645544527316485 0.27482474216503261 0.20881838270100339 0.031641228925575568 -0.31113433045159183 -0.14613889729083521 -0.05939173557106741 
0.088913655473367811 0.086014130683292361 0.066081715691941031 0.38228590200877194 0.14433818674042126 0.19675990965909729 0.19489275386069893 0.35585810347108721 -0.54169192488264872 -0.31524144515444819 -0.37212833785797922 -0.12777376063803061 0.24981499891926789 
-0.22968819964136036 -0.17938104300326618 0.41314962856389797 -0.20667964835695879 -0.053573641813804557 0.40982548700110888 -0.068528386383443482 0.15963334825439834 -0.046387032825664427 -0.41354876828876419 0.064442933944862807 -0.54972719203343334 -0.14533909060229147 
-0.11781101794869989 -0.11722230967384023 0.044842178944635817 0.15107890711721109 0.053381999587375016 -0.69306985338360227 0.0033218653851414355 -0.020579327890551235 -0.16703146783654532 0.5020995966709273 -0.33091004159529813 -0.26368176115340036 -0.069862657284918958 
-0.13245988674532477 0.38288152774922879 0.33835083587302334 -0.1397849013314188 0.26201296639432792 0.080490989507471536 0.08912968939860863 -0.18512734309054757 -0.55812355038383676 -0.34216892631248835 -0.067764656015823238 -0.29525582964734876 -0.2532580769103559 
-0.12873082522737034 0.30945715852837669 -0.49520261510582991 -0.058430169335178986 0.089466547277454206 0.13728275869666753 -0.28186324880999558 0.11897219435747669 0.21957046977571656 0.474446675577536 0.092006364595458329 -0.24277964591662418 0.4217284283007009 
0.1939566021078577 0.2960256958772165 0.47604122424449474 -0.082930919949759097 -0.22585473924848481 0.12456609723410407 0.17217590938959115 0.50012634052110083 -0.39774486244644497 -0.023709998013599961 -0.30657277201445016 0.19960578452496858 0.048645552439833151 
-0.045542899683001847 0.516767077168234 0.15583672976680032 0.049164102412846737 -0.28000896688233484 -0.081826630108160145 -0.032308195653262935 0.19605428354293356 -0.38716576669105979 0.2670122021159268 0.47580275947901507 -0.081961624291198895 -0.35397019032843757 
-0.0034277802522374762 -0.14299961822299043 -0.080015280820674217 -0.072576698741435075 0.01029429138230597 -0.45669501394352269 -0.30720415336139639 -0.35947491390735603 -0.12051074661044475 0.27138785550553718 -0.47425439932357888 0.47033906059090963 0.035865694175132641 
-0.13936514331415639 0.36839550202729821 0.024992293001272384 -0.023025016452397313 0.29593317705479522 0.51033590332830681 -0.090370847552327438 0.027286421298564293 -0.320245857580153 -0.1159102334942074 0.60325930260740457 -0.0092792190040634458 -0.082317949604480078 
-0.42269467739665778 0.45605027388245334 -0.044464977917976753 0.15889336823053465 0.19609125168981514 -0.29158132132997933 -0.14786447523133572 0.097420957432563071 -0.53043465736600115 -0.2979646003272331 -0.0011787686201769881 -0.11400817028185606 0.21943984955659757 
0.36674731295651852 0.16705919712212028 -0.27485480178374055 -0.25142601453677887 0.020460893032910463 0.061925506650426211 -0.14729886347160476 0.072743488139034349 -0.12435876608329303 -0.34206899244611277 0.30317907411393119 0.62588446705418843 0.22684846948400925 
0.4090401605129721 -0.27671173966250595 -0.43918529291246794 -0.036371028111834007 0.27496011024910921 -0.45485753264843964 -0.091549504111530164 -0.064326352135012768 0.15772551317384853 0.17798181958136589 0.16434801393070134 0.39971899519952747 0.15346709123757676 
-0.22484679740421784 0.10912242511610964 0.54264782103611731 -0.19116508380586142 0.12200483761205438 -0.22123252634652996 0.020974888723014746 -0.022699405123237783 0.025604140648165317 0.69766380957191099 0.0063377884801430785 0.041405690663576716 0.22933879968492954 
-0.011660339885922784 -0.064649604456055026 0.35150394911284299 -0.16285853546553561 -0.1831566695993668 -0.25415820862828042 0.12867961848081177 -0.24387555121241158 0.46217646317777372 -0.0069200439053840775 0.48775693792334285 0.46869254025762613 -0.013983886064087287 
-0.093001907713634924 -0.12235485142764488 -0.18593981417461342 -0.041939929714778369 -0.64786661062751461 -0.52380507734341597 0.037623626000586302 0.052466821681494691 -0.18456050846400354 -0.034658325182311329 -0.26206269696326828 0.33744098032027386 0.15481957672837854 
-0.10014523344703748 -0.042151094383443236 -0.54728516719465803 -0.035593707921262117 0.027850103572344274 0.62647316814928067 0.017710326409638027 0.27908222733103893 -0.15119484956505685 0.16917975976370095 0.38988067770113038 0.092412348446236317 -0.062711949363145544 
0.014777773231479456 -0.22205436450302249 0.22131654403584372 -0.27492302930530332 0.38990844929892793 0.17598627142622919 -0.048721708648771657 0.34267088282783204 0.1844067600043785 -0.48697625201988587 0.37877339474574745 0.28468277823067795 0.16567315583774603 
-0.22895103452469787 -0.012052616992018759 0.25138781721717357 0.66168708798752285 -0.069709961534132628 0.51746073930880376 -0.23862939602369121 -0.15444201332587526 -0.21928016533670189 0.10978571988888237 0.025286059822968669 -0.093536575482151038 0.15317940655746057 
0.22934548673770713 -0.4006926715389944 -0.20772000250431902 -0.39976460781536532 0.015055276390816209 -0.22214660599543745 0.046337739850054308 -0.076067952194458097 0.18577201762691364 0.18626952859276058 0.4331485048559009 0.18493261601605926 -0.48513102833880428 
0.12406475156542209 0.014835025499853417 0.18840431924318804 0.15010422598172651 -0.064718784086512104 0.11913997465331266 0.54732985620072216 -0.082165569283838918 0.7200094507791448 -0.13350842371311944 0.065117459312790088 0.24364758272987255 -0.042589317214375963 
0.73521358062375763 -0.12842685552189856 -0.013951104467160743 -0.28816793912988242 -0.15104685335201032 -0.30926771956754689 0.11347964188366795 0.34378320689119474 0.23296923889031873 0.18393051916115813 0.029860395500183722 -0.035795383152668288 -0.14116617027439091 
-0.30310110196906448 -0.012209716257788373 0.1760469945722527 0.13640445509745605 0.31421508804835524 0.082373929297390805 0.12913899551040683 -0.17697092237210371 0.50807556500818551 0.27849501181292463 -0.48236890115131414 -0.15409870857045871 -0.33577273815753955 
-0.28243121095662749 0.12567761779059822 0.15232094562345119 0.0045080184708569497 -0.26896676501665684 0.20128082279522047 -0.54687852164329487 0.1369128876434495 -0.48838170876690074 -0.046611591226626663 0.18357094939076857 -0.0014713552820211787 0.41969943527514719 
-0.54843777643973068 0.16771366794773146 -0.030909824699687179 -0.23009064954581768 0.63239213599233823 0.023572812867515981 -0.22535425306695284 0.038710941316015796 0.25255187712617277 0.22983704712088807 0.094173566994392138 0.057951401245209637 -0.18867404343383318 
0.036290191557900871 0.1526273629995005 -0.20194912342483445 0.13632027781156908 -0.075415359674024907 0.25652372608574975 -0.36231359715043221 0.44552826241963889 0.47607189689117346 -0.22614519464286251 -0.37649332964233151 -0.055069055105380765 -0.30363932796397214 
0.14909693876405636 -0.10403899665938585 -0.025271768603003772 0.37619812982434647 -0.4564950947855056 0.060205037768961613 -0.10997741305182734 -0.69194878434393059 -0.13869853893667242 -0.23583756553462387 -0.060085369739442736 0.15338440598670036 -0.14102501729815961 
-0.48079308159467432 -0.51649607412941401 -0.016994154312734544 0.060370192918977023 0.045170111144274792 -0.1712408390932191 -0.13918597915559383 -0.18223864529345127 0.20400552670395694 0.19277067967486955 0.42353700397000227 -0.21869431967327241 -0.32893683743597241 
0.044780379678662753 0.11012767291551838 -0.24184609939126595 0.12437402029935248 -0.27744488827689706 0.16033815125079592 0.10275158521741103 -0.24249938300399398 0.41390795683287007 -0.37970213891057264 -0.19363943823586569 0.60405028436673014 0.14830328260590833 
-0.36986515479140458 0.12525569494469899 -0.29577513253775567 0.38192774780536404 0.24288263652456385 0.14373180891902571 -0.60110093837872591 0.017367408073833877 -0.18908078917404358 0.02386595161634816 -0.065716745812623309 -0.28086660043555645 0.23099438343548323 
0.61494280128376388 0.065514296712157999 -0.33977584291455887 0.085035554932102894 -0.34712595475510999 -0.045770620448206199 0.42916897189054692 0.11821537313576387 -0.18627976314607061 0.23706676611602079 0.2284038028843442 0.15383136953401705 0.08595993732778065 
-0.069129011894713613 -0.36316688709983447 0.081668645065331516 -0.096144571492035646 0.37061821662223493 -0.046392293005707644 0.33912953415914748 -0.27678276788916606 0.39300383799239519 -0.45251109423810848 -0.26337522779481354 0.22597558352422425 -0.19141581617545061 
0.036871437025853181 -0.12803356511292507 -0.13378779546860137 -0.26394846792614107 0.24672304263000963 0.0038568823656155772 -0.3821944218594544 0.67865447772807042 -0.12262185813133332 0.16370044847068593 -0.37769286359114307 0.20607810202577084 -0.013938564806913741 
-0.051590214690712566 0.50492444054673358 0.033308965170968888 -0.23499076837651789 -0.057150905143228896 -0.01104102521014127 0.028519585898103796 0.12465959066596043 -0.020589254334955356 0.36678684019527735 -0.034909319509891359 0.72473438274075597 -0.070021500503973544 
-0.29134839234885074 0.44413754622098056 0.29909697102576516 0.10596338403185389 -0.090920837178528766 0.13869750215922036 -0.45583962604139394 -0.24093236552059924 -0.13051043870291432 -0.082243845272421762 -0.42715988844146435 0.078451382538840903 0.33378396891659579 
-0.2422053347515849 0.20438454781633092 0.001971262349341626 0.13388082489567477 -0.042852659634564381 -0.093338410942622657 0.15521847948428996 -0.3223289607069697 0.41933810297734597 0.25762734818824601 0.12981920875491043 -0.53361307052316498 0.44641482442323988 
-0.13031968695466103 -0.53122917094862665 0.1513181761940211 0.29372527064538601 -0.047401565345160351 0.17366258394324377 0.3422385820642897 -0.26069933559464065 -0.44083618214555964 0.29712567826642694 0.07799940280270494 -0.075790598962224467 0.28230356014123698 
-0.025067086588224777 0.14642025640767081 0.11121948165755649 -0.038725326046681351 -0.14174044098266178 -0.62832526172596581 0.20673245740152979 0.53574220236953207 0.44179187705663092 -0.073088730428646817 0.11502995446294652 0.037401449539739159 -0.065341703601790771 
-0.52253028800976542 -0.25862563391672261 0.17480841856878945 -0.35602245628333257 0.10466045076611094 -0.025462780011969784 -0.18598577391119894 -0.085708023893962731 0.50113373871240607 -0.27057836892048082 0.23129849891369142 0.26405561312272385 0.040670999625296918 
0.088069201014557758 -0.27172856593551609 -0.1089953024312587 0.28923201533346299 0.35536439788454377 -0.30832108578022516 0.37225624826711629 0.23960106658723634 0.01877447380590383 -0.10644087622044544 0.48900590262053811 0.19677030778847268 0.34061072665873826 
-0.19019277134939871 -0.1408586804020252 0.13404817374510722 -0.16540107706049192 -0.019101583695280887 0.67864273168421407 -0.33008644546806676 -0.28412922862440931 0.36631318056780665 0.28804274048880141 -0.081263966571005805 0.057867215540905154 -0.14472522721844081 
-0.121531913016889 0.5349174632110032 -0.070726617872528583 -0.20557749563596311 0.10008916336187108 -0.1147551103843836 -0.19467633528038289 0.016562829187331193 0.28883294077909671 -0.27551928437914824 -0.35857852318968486 -0.093702445448871727 0.54201025115040569 
0.26563406504264908 -0.25249957462088735 -0.31014956164826296 -0.18317437465812789 0.63072144080254466 -0.073959066092636749 -0.26010282190263412 -0.36865445129851299 -0.038935753848110988 0.20432151300766402 -0.26602450158204161 0.064332512964915808 -0.10453163703928244 
0.092892344077760772 -0.24118490609502369 -0.079465613551717121 -0.10836075148586154 -0.27620186989488399 -0.10418921937859218 -0.17373248511382883 0.19500578959458115 -0.62433980966536962 -0.46020184622461424 -0.26307705269034648 0.27179248780462278 -0.12298084109225774 
0.068742664607683732 -0.23137807161804225 -0.38247472819948342 -0.13423063775137298 -0.019789775861622817 0.15205506925568671 0.024743375490955188 0.19406658965222137 0.15904356055364782 -0.5567251015245227 -0.1994861331015641 -0.30114433061703394 0.49992707374770073 
-0.11708684394530243 0.1819717778506377 -0.3521050001191352 0.3230388687154313 0.43525804078702279 -0.097391936287008971 -0.37330907760467291 0.28438216100203217 0.079815360871859309 -0.36486688386679617 0.14767211268728622 0.048113921509134364 -0.37690440685530846 
0.056219012083610229 0.48415773806596746 0.14526615940441487 0.090861437569001849 -0.45442923889884157 0.14633129525332297 0.19321069052053033 0.045080481346175746 0.44317464503625215 0.24859312562423927 0.35943162991171734 0.27964742468630832 -0.013969994779542362 
-0.0095027370266920156 -0.066614565633923609 -0.084516435562934727 0.55758884549214316 -0.42084462128308436 0.40824700257305341 0.29171059021284051 0.2443225870911947 0.092718395398562317 -0.0076833040347497692 -0.40037007097805066 0.013517972057190396 0.14044493742799716 
-0.11413852617817775 0.0086763812051587081 -0.15157230213036155 0.028859458466492835 -0.078572073251022514 0.31980135652322639 0.36467391708808189 0.68162059816759502 0.23389390781440361 -0.25928976799947434 -0.12780726604829082 0.32346285621756332 -0.11895142557417294 
-0.2437209290131705 -0.15940671983337934 -0.16767483694392296 0.21606058946589518 -0.073077723374630643 -0.70015161690829408 -0.40320924749193165 0.084935668799629258 -0.091688291865896582 -0.08560776074436667 0.15038089004824759 0.037795863330040182 -0.36779043056680233 
-0.3823141233523763 0.038796808800998048 -0.05292986580598389 -0.068405019199666364 0.26643990834803322 0.21381177266153698 0.34971316212392223 -0.19074320581047993 -0.30627611767483526 -0.38837527349938711 -0.41225472278337683 0.36566219761840429 -0.14546038499692887 
0.23026246288863902 -0.025551892972205819 -0.034620058937974436 0.35709261839033846 -0.24662570410482565 -0.5931716956327866 0.4650624239759012 0.11285596697861619 -0.13719843274552529 -0.31791707771803995 0.13112085046720373 0.13004706305169281 0.14804253500241782 
-0.25777695866127642 0.2375687598688728 -0.056533311988977847 0.0082966431546091565 -0.41327624357408516 -0.46981343209065413 0.28156574896285086 -0.29231484525259199 0.34961855255361002 0.25358304334651705 -0.083093858640275006 0.28935209980301657 0.201075609856985 
-0.029759428035833459 -0.03510328462347824 -0.28045195300940962 0.35379156620474422 0.46027150281050022 0.57280845502628586 -0.00022239791624151833 0.23528781354302128 0.10155590130503585 -0.20897097919473828 0.11081761458987785 -0.36379139319923348 0.01154927576880397 
-0.19855318755036061 -0.37372618276345282 -0.12443779534884511 -0.10897596619777207 0.24569961710750604 0.18078072105826293 0.27523268776779086 -0.29756370396144555 -0.16628276485250079 -0.20702456906469649 -0.09430989451878044 -0.46093871932708641 0.49429717312960564 
0.30500011219098988 0.4950940273938923 -0.3850145744813242 0.27501650557710478 0.048372588961774481 0.44470060058636346 -0.039121503507934835 -0.25392527954435934 -0.38757748682963306 0.057355763944862893 0.13378290854009176 -0.01924663776513108 0.01025533562499277 
-0.55828194286598287 -0.25241421974788769 0.57772425344595058 -0.10446754915735125 -0.10235532545038391 -0.12067893534578422 0.1291322704506789 0.36536935404892762 0.16377711672697426 -0.078453761732275265 0.057350464004220093 -0.052678638591567718 -0.25627636348167998 
-0.38587475251561493 -0.12264078111831717 0.33856089228101832 -0.0091249147297189654 -0.49922441947131074 -0.12641359034930411 -0.14822675668872679 -0.074199126253372397 -0.14569847804280123 0.28085852922928356 -0.54057979964739689 -0.020540278833580797 -0.18950749585137849 
-0.034270775067958635 -0.24330710878482817 0.096818954071918609 0.44917234494211489 0.27340622210172838 -0.047740024937181484 -0.31870939650514946 -0.35052643030230696 -0.1683370283882184 0.47079510865013713 0.38795208342007409 0.043319155831413901 0.15701646948374881 
0.082363340064171425 0.10496815159303705 0.25968186739462668 0.025105234621419007 -0.044294109756787749 -0.51990907105409012 0.2494891864189295 -0.38972768806743818 -0.1414681740467254 -0.31362431580665656 0.098283572437349073 0.27693293593578927 -0.47223735519910226 
0.11148241121298418 0.042183654787578802 -0.12917970039545651 0.083190986241480844 0.27308830157349462 -0.3454697232655129 0.22272229962080625 -0.11719961667655276 0.2181299241312924 -0.36147714387732161 0.27592801728505179 -0.29529845350977058 0.6027708655123466 
-0.39877329180853327 0.48147771124124872 -0.22943851904214915 0.52447399441371245 -0.11450831147694812 -0.1499155081808044 0.34735658960088489 0.065674362924668814 0.07108586450509681 0.07731972789878247 0.21115189191399905 -0.14628409992002583 0.20945604647124411 
0.099202748919342748 0.2852551780636734 -0.0244265859641918 -0.35927884633155394 0.27871005951714373 -0.14656568300862627 -0.2163479573369019 0.074907254519359673 -0.18294410871008054 -0.33227042201296891 0.4516630323747588 -0.5278657147231306 0.031908157039704663 
-0.0984329673657003 -0.15033914827911266 0.44735804173577404 -0.073737160745935615 -0.50738033024562224 -0.044901804704948457 -0.54677766762207092 0.3697679692733214 0.048485380563138787 -0.14110427206880305 0.085016758461601935 0.19134059739362436 -0.029954021406201941 
-0.29325529714412468 0.0082626217515953618 0.053677896758084091 0.55512926906333127 0.0076164187792876672 -0.47169399747080404 0.031277706388718414 -0.30503897781283185 0.014795574129707752 -0.17198595937125777 -0.18288601455944248 -0.40419112522513639 0.24430941151256957 
-0.11771809075707332 -0.084114453795008176 0.35177980242814444 -0.0066288341349155077 0.068886610787980071 0.3920875992735558 0.22982007012573305 0.22747200686766844 0.14748831701154411 0.2401655947656211 0.47139660168637226 0.52544476853766064 -0.12039988502016581 
-0.10945528605818684 0.17794883999080469 0.20887653948399795 0.27878042648746726 -0.085593662619204258 -0.2337967953122331 -0.050448515384658471 -0.55908026425667345 -0.51005613597707977 0.11807078003629923 -0.34214324695683623 -0.2568995577278666 -0.027302920185300374 
0.13357949042461553 0.057084998421697584 0.031628171688889581 -0.26857519705110144 0.39496808285484364 0.46186067611547571 -0.3362929934403095 0.04800714784595838 0.38113506897257454 0.028053296906607596 0.31417299768753559 0.32761454083613134 -0.2626123046796382 
-0.63546877587768724 0.10332530491012579 0.045595505233238395 -0.16810998349139605 -0.18051114978728994 -0.39849132719106301 0.17676439243108885 0.15850463213890864 -0.38595303953434823 -0.11035550218342459 -0.24368569003976781 0.27580963344287462 -0.10403202727879371 
-0.55424050391165058 -0.0073705163831891754 0.3339574381369666 -0.025164806020918577 -0.15658441936154349 0.38515750964985646 0.32002616649206084 0.08199987694009285 -0.24917139999726939 0.33616890854242959 -0.098406306281353814 0.099403271682079311 -0.32239083965648635 
-0.11149423807007158 0.23851241415946983 -0.060040900901198645 0.14239519962939517 0.40367399390019748 0.34475075562122348 0.54527394082721703 -0.012233102916433359 0.14589187685945526 -0.11097034152036009 0.39991937342182404 -0.072722777004237807 0.35874433841036718 
0.20440520864735198 -0.50161802281036261 -0.2142924597815975 -0.03457440154497491 0.19732463582545437 -0.46833034667635276 0.010692983438853882 0.048389141355014799 0.4318557098974885 0.012992821536613283 -0.3421368514864454 -0.11322098969837285 0.28672332073759083 
0.27090958093472889 0.10105945535125549 -0.0733397310942175 -0.017643600238629716 0.46527575123419895 0.017271085987917933 0.25365999606600415 -0.10701042994588372 -0.1973475857395155 0.39631658132816572 0.13992845623193378 0.48399602897605837 -0.41022615796102102 
0.38816876011868573 0.40777082190343389 0.073926869423375105 -0.46376709410578271 -0.12250038750433458 0.061476337053986377 -0.39816632675426966 0.20276116186969048 0.165087355757605 0.28731819347552356 -0.079053166903801722 -0.23164135566913427 0.27268291696988367 
-0.2883040005907076 0.4695877658921655 0.49851653359279063 0.17278834809294336 -0.27775583588864505 0.21152907373881363 0.021400087432822776 0.28581143635227568 -0.22266692492832804 0.28344619068046917 0.1192048112051589 0.045362548700690807 0.26031661733256239 
0.4886351845732862 0.20229178369058501 -0.057343046585676509 -0.26832809898282933 -0.16364472941785238 -0.047939256404289247 -0.34655220944990367 -0.1192399986415878 0.33675168137241934 -0.48056304842970837 -0.011015697745287526 -0.37009101690741519 0.014137581680256056 
0.27823196349795631 -0.6855671298906304 -0.05754197178719838 0.21544166733976181 -0.1098032439777817 -0.096771477568707617 0.24707595446834782 -0.092603834627454459 -0.20320556400148154 0.03570811601111467 -0.51736823860664372 0.024844545417157426 -0.03098885427248441 
-0.30980760534733232 -0.30459389756168909 0.021427947454456722 -0.33262196683699391 0.15388545988129804 -0.015467370406411513 0.31465381662855912 0.30268710926114956 -0.19189524266017824 -0.66104883167001571 -0.058551850326940914 -0.075069294134536141 -0.052208530280828794 
0.20658782375943613 -0.090906607359243385 0.26340518359444037 0.51843341493498707 -0.12340442661148671 0.34469940199355054 -0.10430721910572148 0.27184484538512216 0.14045455471868387 -0.40761731510879995 -0.078431172154311127 -0.43582324536099176 0.10051522125992352 
-0.11410262104564169 0.27190470443978104 -0.39059713175853539 0.027670913603957157 0.14451848457194363 0.2831341441893177 0.12461382187025678 -0.14759603508227179 -0.26862927083999605 -0.66220251443396361 0.095033988190483698 -0.16240757268589595 -0.27435626612608072 
0.048439008753550845 -0.061309492699034011 0.34624329260713949 -0.19241831358168443 -0.2071487081290585 -0.064315724316534609 0.059111973910404569 -0.56317324595286722 -0.28814377646293449 0.60794060926074911 0.035976557741951534 -0.10186671183316241 -0.070642716390463919 
-0.33634344497462837 -0.27755163390237814 0.31388736733500183 0.13958921818609121 0.087124933277408431 -0.33829996149142355 -0.19476192007623983 0.42149919411090397 0.33126040184219036 -0.079986898550739247 0.40266531488257268 -0.0074371589649443164 0.27544569216350617 
-0.05464290186754401 -0.27081427000996622 -0.28561074049904034 -0.28102002484718441 0.21895669789507813 0.17523100515864959 0.38998416639309513 -0.48731872250481972 -0.38239794748453448 0.27109115654554766 -0.072165723333744283 0.24115269404592737 0.10877402286570292 
0.13035503435660784 0.39434289693235608 0.073591954869520679 -0.025086845137919558 -0.19800838073062113 0.12030804199744528 0.10571019889763839 -0.40776389121063805 -0.5137522259070777 -0.23541155039495082 -0.21311814302318666 -0.094917243600371501 0.46533876305244215 
0.55906699256806103 0.092894280616647534 0.17113200808438894 0.22473147427864912 -0.46623882234315095 -0.30245994716910629 0.1652549736847812 0.13736018846145692 -0.0037778558504592838 0.01531471801714265 -0.38277807605695513 0.078415926918184789 0.30177763011347175 
0.4734510098297191 0.1419808702202508 -0.099471725544380454 -0.41003995724848791 0.37635755440767327 -0.10824498050109811 -0.096735560892782041 0.4774204873754212 -0.037369631767632458 0.17095928340278793 0.31096413665667 0.2427284671657253 0.027726142354705476 
0.29829763023239242 -0.21289504020327032 -0.22558459722324459 0.13387721028609384 -0.17292498389434527 -0.43383052602654931 -0.26405817225565686 0.39390960464074298 0.19451859600524585 0.21125770124630555 -0.34821429353548272 -0.17416866536869219 -0.34615606110426217 
0.039579253067410454 0.23370069935962567 0.4970726420657916 0.21212950471988182 0.29873024814220644 0.41356485217793038 -0.4203804214566616 0.28802653450168719 -0.085594746636383348 -0.079403375494428635 -0.12167630410542986 0.30562954814321863 0.099683477962240002 
0.066115405365721344 0.13218375669031829 -0.42132790429411299 0.091211629909688216 -0.08562119075776313 -0.30097870244559272 -0.14498364195292815 0.27222136105005734 0.23126184083950771 0.3784302477030817 0.49080568729286866 -0.16449616342884701 -0.36692621591743885 
0.054035626101656596 0.1146485203113604 0.15769830954337696 0.3150666745021945 -0.61678578246914517 0.26260879835008277 -0.26900768149975707 0.13927456805904775 -0.25202532305115832 0.20666668527450596 0.31440840552805571 0.30778117665692162 -0.13725778963046839 
-0.048616956920683477 -0.088615415620158788 0.38638048170638417 -0.37482679880493114 -0.075169620675558907 0.037040509204371026 0.023261333540154729 0.33667061271909765 -0.4919327227806165 -0.21045564944618878 0.075617755840772044 -0.026616046445408829 -0.53513754167871364 
-0.061704916828593886 -0.04140038499073543 0.12845708272929443 0.23918625226580462 0.51926194864152919 -0.35727270563318658 0.1982796817278229 -0.37194933908185368 0.41231745979386936 0.17251397224561688 0.3754713556818674 -0.063431231738128299 0.032562356952735662 
0.36990020959774805 -0.41044297234910981 0.10378080396483529 0.45376880937939812 -0.08296596352504057 -0.11671558733933431 -0.07917375286372412 -0.11862769725022353 -0.067526976203214045 -0.44819853835148971 0.31533743249204943 -0.20136189558409351 0.3029204334525929 
0.29958949823128611 -0.10374305473029533 -0.46382618740487902 -0.19485234073493135 -0.16457366668173151 -0.13969150780687425 0.2758441727682841 -0.2807711393887749 -0.251563787001507 0.52755591952692937 -0.18555121051359069 -0.077402407683676649 -0.25068052029081855 
0.099357255262135138 -0.41290139093844913 0.59083431874853132 0.065724213669867124 0.054196777449650228 -0.1959759410070061 -0.36951947159849441 0.23088472237046631 0.15987588844662373 -0.42916407826302799 -0.037122872693787431 -0.1239448534225867 -0.092503608120667061 
0.15729640827007896 0.010561256296963795 -0.2985278618615641 0.45057139206971614 0.20970418901321608 -0.10475904407880261 0.1792360676499154 0.5667606971246778 -0.15254328323941818 0.052663527197254346 -0.44733183014552175 -0.203516929834789 -0.08456635764058211 
-0.20776762560458337 0.20086097544656498 -0.2517395781729504 -0.52867987661283034 0.20609143260962545 -0.17444466515715099 -0.18598205064260309 0.11817997902701265 -0.16620588418800408 0.51098860953148784 -0.22882646080693841 0.24863793336553328 0.22189114145218131 
0.15505079069847796 0.055745707327356502 -0.10550147989404063 -0.53438285891180315 0.57256071533805786 0.27827871431544077 0.17788941014958207 -0.073243007731896209 0.047454629531327959 -0.32218819458724285 -0.0052160055195896995 -0.026534807704334747 0.35650188346833717 
0.33030616056391743 -0.33289298943316209 0.32767426241294006 0.23297705540911784 0.14162461592974759 -0.010400503560341527 0.20384163381015466 -0.15368245252037396 0.13228599469726929 0.01693062202232741 0.067538970899543235 0.62779855582563537 -0.34149258768551632 
-0.27229074924357571 -0.04231102786491444 -0.57524029622662687 0.14348659205371878 0.048470575683056898 0.14978540812210936 -0.223674658372013 -0.020608350013006073 0.22649351949126931 -0.17648797465612848 0.43210566059495953 0.36324769564929094 0.31020330805998764 
-0.064589562153251207 -0.2170341233023356 0.088349938915727053 -0.049657247970145639 -0.063873050276659737 0.61896172203271005 0.19191561815916963 0.044527911264340088 0.21729508862512389 0.27248984707049356 0.5905073405671275 -0.20548549212977027 0.007350203803720359 
0.069627740236883923 -0.25254599605204242 -0.15477298636992368 0.14123566435586571 0.19509041760999174 0.084202645667052517 0.80163711080528355 0.18149858685737458 0.1327383213431797 -0.041895054439646341 0.18357393426709609 -0.2237662869286669 -0.25221173325599322 
0.043465920724415338 0.28347355990617651 0.23007879632003009 -0.18600133505845362 0.40925722776032752 0.58709187503931015 -0.017900905893013352 0.012496372237684955 -0.086531039281439792 -0.016042668041928394 -0.31316828027557209 -0.44466792196923294 0.11843493948889112 
-0.10505106598112091 0.30007802779662773 -0.3094668275619753 0.35269136531535633 -0.32632787872059776 0.39162826482601887 0.014192182089765616 0.44255151543665822 0.28278174270496986 0.22031787558007665 0.2454211820817728 -0.12640413629548697 -0.13463152512527346 
-0.48851306350419405 -0.46410844930652501 -0.17222175199778403 0.061708044721604953 -0.19257813783073166 0.18217972926921652 0.27690715862335086 -0.14655589824186749 0.066864870060351134 0.12654241431372804 0.42594922406424551 0.32626759920057802 0.18892045800446819 
0.0343711017525739 -0.34385194950230219 -0.30563697846749638 -0.081153717772041931 -0.25724068496178443 -0.14850928689236129 0.17406785067792663 0.23690502922340095 -0.039965967569791226 -0.42320972567490467 0.19252897665915403 -0.11656654702440336 -0.6120247304322961 
-0.17660567115620035 0.056719603459463107 0.18751113374053396 -0.10430460275451077 -0.17407945770512778 0.10792942774968467 -0.2175544189671377 -0.63485308079941627 0.091637259637860596 0.14372879239116002 0.28124503403875822 0.08624380923500502 0.5582477521365613 
-0.090120962774285662 0.28243306522272005 -0.46385710276846676 0.084893226958173862 -0.14126381311256395 -0.16444625394631751 0.26594543969465612 -0.49503860678690847 -0.45448216986440254 0.15895963049180897 0.19133782854557196 0.2266688060816377 -0.084499410623171525 
-0.30788604086257154 -0.31083892990663742 -0.14646836593918525 0.41739558536694321 -0.18686618373930722 0.36498334853232278 -0.013253223999291552 -0.37406043855488008 0.21186813361472606 -0.32556761558768904 -0.01415855654854139 -0.16952217035957937 0.35336101128244746 
0.073704283964252645 -0.11158190987871874 0.15925078079026664 -0.32943340727797221 0.70181367104024028 -0.43884220014922609 -0.20286320316286985 0.045190673040402037 0.066204845417824218 -0.034731765171696412 0.23015437744921191 0.16895949330444426 -0.18111230873810263 
0.33605489634196728 -0.51738383305904367 -0.23352984680599947 -0.32323029070804105 -0.31520948419236861 0.16635519687243119 -0.19291255060153345 -0.26804649222541432 -0.42287796269030942 0.077055229094734917 -0.17546499125793177 0.077078364689237039 -0.052721001581899504 
0.092998721531540374 0.091719884324319809 0.08383610838618509 0.21149477525120081 -0.26900168322657469 0.34683240964921469 -0.78262370370044509 -0.055900046578265208 0.11913338973963601 -0.27694332737437172 -0.10097365547912612 -0.052250232908623219 0.13814748551531428 
-0.44735913481984513 0.14015279109605117 -0.15717494792957365 -0.19123203036622161 0.085890720700364895 -0.068622098359511191 -0.078655291397110402 -0.39980424181645535 -0.18285241786896694 0.23764303105579565 0.41354364438984714 -0.50767703776211592 0.14890773521084316 
-0.22749617946811501 0.24046419555395673 0.089196080375138681 0.31389585688251831 -0.30428913025441839 0.058907177089728834 0.079963562726555748 -0.33295709281295283 0.45583700117792769 -0.31283871491856247 0.49957893961465516 -0.01774555591988906 -0.12275963132667198 
-0.11333961300148306 -0.23995655268469285 -0.2488016331177641 -0.19223348739068039 0.45730195408277857 0.27180719528179886 -0.016324821346897726 0.41888755153158419 0.36893014137976982 0.00047415674717619753 0.29464258754350942 -0.23344603086525456 0.30750696192556309 
0.048410673158350653 -0.1880109173614494 -0.567790329325084 -0.28982398086338118 0.34767967038727238 0.097116367306122262 0.09660639749473357 0.30778168753124124 0.19719490621568919 -0.24266545144774376 0.12207964434784875 0.38610957476265256 -0.24452607806040333 
-0.43736060850909814 -0.20470584402071085 -0.088112815983221821 -0.20119769462705531 0.14143708392745982 -0.10254815248990272 0.17109084755775286 -0.075900156226098442 -0.24763090129220755 -0.10108955611727029 -0.10626306365483711 -0.5113385318475322 -0.55562060462363472 
0.058000782073126658 0.17828897775596045 -0.016880045755244103 0.12342520420021497 -0.064593855779164447 -0.11780174403845622 -0.29131495387154793 -0.27902095887417983 -0.54581342274606304 -0.087437549281418836 0.48535035429141116 0.29012258450139983 -0.37850999966608917 
0.36605500211874303 -0.14166717158043077 -0.020449812673689748 -0.1415467518259865 0.29789595111311812 -0.184757402127145 0.26157126389999064 -0.63447292569924885 -0.051886479568997945 0.12914346772851742 0.057647616194699478 -0.096033119584478702 -0.44689138000898915 
0.32276790162663505 -0.1467616057480414 -0.42953662852334468 0.31300305925608679 0.17812461140050917 0.062544059039265659 0.37810525314591237 -0.011401182857288165 -0.57227726488326236 0.052769641336677164 -0.089952318718973079 0.26485092387848674 -0.067470304615273188 
0.066626363768630528 0.30622016959979004 0.52264866125358345 -0.062944933005230047 -0.17594183096495533 -0.53572898771404764 -0.0033977356222088507 0.10139994290567242 0.011690299473370044 0.11159242982878932 -0.14283334617012097 0.41823624253159858 0.29748853028146277 
-0.049536286069344529 -0.19298824908579498 -0.066100913402818817 0.20359452633202005 0.021989261230610253 -0.30869029208223941 -0.20623152876040432 0.61015573575035909 0.14248487830286644 -0.48433083069650884 -0.2742305670985179 0.26641705760312817 0.053180769003193309 
-0.09135670073368668 0.16581170818475205 0.52054187869657187 0.58367830905639717 0.26427932087560513 -0.23613423097342492 -0.079446074200462971 -0.093668397032790257 0.18788685923631537 0.3602238269385214 -0.19288420364626094 0.097762200827504003 -0.0018416396956270039 
-0.35411316179465668 -0.14542426893430124 0.26443322413860704 0.59698799319937546 -0.4364439380166304 0.15103611680592186 0.18467413779652758 0.055527433076782755 -0.12680595345298989 -0.25768956424639072 0.21371883818092791 0.20178886014789413 0.088175148222650948 
-0.11330674477455584 -0.12597508307970073 -0.70496533681129803 -0.15905877215856826 0.18202413672105072 -0.038029556921814048 -0.1297213817898123 -0.38900056067160804 -0.14903791477354558 0.23382977721784756 0.11906851220492787 -0.25965889279377768 -0.29630932877859401 
0.36778390479936579 -0.29869369599798412 -0.39227720606708938 -0.14467059086564349 -0.033289275613606686 0.19535711611786502 0.2497148454181925 -0.12818238948903921 -0.26460044462921506 0.07604851324189979 0.48332688473398144 -0.31822592060273636 -0.2682832377914493 
0.21389918435923411 -0.1604370449131988 0.26708461629936997 0.12620495386120453 -0.21018949834445788 0.12269220114559899 0.41756900266750874 -0.34251164953832958 0.13038032046417136 0.46211087133355466 -0.36791509049645921 -0.18710284857369452 0.29903115604268704 
-0.28346642763582408 0.12122391347128776 -0.120511571289695 0.037297763525033292 0.25607953863827954 0.1810442557061778 0.080086473933724242 -0.15020871421996637 -0.33910662734041647 0.7874416834746456 0.11083624959048873 -0.0027315324088416659 0.11982189443960881 
0.16934733243619823 -0.064255366921567511 0.13436931545915426 0.3125712470163014 -0.028438091010924683 0.24554640517988324 0.62535925505961421 0.21582389758807083 -0.19184927430257806 -0.16487374343669844 0.15431638778660367 0.43202372010774198 0.27970230432337606 
-0.10601386757131334 0.24114920917028995 -0.029615266856420987 0.29836146948375342 -0.17004480372210865 0.15481502495914154 -0.075436406156741298 0.0058895562266962891 0.12387902649197151 0.54285213561085077 0.54789616651410866 0.22657764343401515 0.34719033785003844 
0.22416622997265262 0.01696490021265578 0.14920707651142309 -0.23065711099307143 0.11873696290853675 -0.39355875080159386 -0.36950557032621323 0.2762450886256938 0.033996426741563661 0.087863005020960436 -0.33553433693145318 0.50062927544004554 0.34651831035680042 
0.34712701800544948 0.089376528914513031 0.025559495911192748 -0.63839135106730627 -0.1273541828301667 -0.13970368482832396 -0.2514621473846993 0.28932636666523703 -0.45575079444210631 0.033045661229150723 -0.076996939502797374 -0.23851510594993561 -0.094973218473898752 
-0.23074449897623467 0.031083854516663005 -0.42157993885333039 0.15480214523593014 0.33628195858363469 0.11011638453347811 0.048946920542113019 -0.1753611639454167 0.63498277248694535 -0.090053896513955053 -0.18167381881691269 -0.13415536252858232 0.35131616121906856 
0.36739595539427694 -0.37139145950777758 0.079182063069212466 -0.2410019134419894 -0.4174611614539484 0.040425036944102308 0.31338679709287948 -0.18006019069776946 -0.077688166024193941 0.067521542675327867 -0.14726421134317341 -0.34067483922208308 -0.45591140442236378 
0.36038829328343391 -0.060216710530049608 0.18272788803348858 -0.20715943095441325 0.26526242597416433 -0.13131432824376155 -0.22892113929132482 -0.44319090430561442 0.39582405300487861 0.14659709220222933 0.11312362221064008 -0.43235584255253551 0.27543261418803777 
0.17015083631007927 -0.23505443543784066 0.34772511924342414 -0.05081018541531214 -0.30861123854306427 -0.10613076771600156 0.52139264737302993 0.44726427256748646 0.070949717874100357 0.0025649579326234599 0.16645098774803907 0.20394803736941478 -0.3735802971027658 
-0.17394299591484941 0.037447248256457524 0.053159668605396684 0.3801449531527013 0.35857831447506666 -0.18744399750081364 0.5453188880984422 -0.0588257522127347 -0.008039697483805841 0.30620590564941147 -0.16200060710741968 -0.25369161166002319 0.41476289542973899 
0.025518799300568544 -0.022687457347227317 0.1617138056290674 0.23893133778392886 0.19888453196844366 -0.5897250428893156 -0.22059034976052344 -0.26086583808871389 -0.052994315272580889 -0.14617508642663224 0.58490611645679591 -0.20408688528288282 0.060088141448454133 
-0.11257835182312247 -0.21826038382769355 0.041264146631061933 -0.11609595612780814 0.0010842723395382882 -0.0073804118175916497 -0.15773054019544638 -0.10151215761051131 0.32812203985403998 -0.68761068366829725 -0.11621899858522763 0.22843732580282899 0.49305703357999575 
-0.27585629993452304 -0.20661160401810297 0.0053652026139769929 0.37027778986450693 0.18482639024940201 0.096062161649181577 0.032034345309896232 -0.48945579225544178 0.42450028368089021 -0.041698892036240706 0.075544102542407982 0.50856460512901391 0.1175349184673245 
0.077304879421871864 0.31276142233692256 0.078305344086283188 -0.3944203325195989 -0.37280582265156842 0.18325309771682963 0.14924799534831984 0.19081593054359602 -0.43229631058871126 -0.50473976195167802 0.13512960640917079 -0.20801836497204479 0.0089208671096191669 
-0.028480632768466071 0.1015530098761962 -0.52852504006494672 -0.01410417740962876 -0.14466415951660044 0.72140462698566077 -0.063965604763087464 -0.27019131970939803 0.20285801589088884 0.08096086062959014 -0.083538609748497764 -0.13201738744879665 0.13703125829375182 
0.2568068777826521 -0.36443902161398606 0.11760484615901015 -0.61639223636246454 0.01221671113046695 0.36768270001712533 0.27499067585543313 -0.035429199311559356 -0.27860794980610454 -0.32580991092475969 -0.10344530094378684 -0.020916044359231098 -0.018339119815261668 
-0.15030118990441765 0.28843827538859734 0.0070809198424225568 -0.27565232739573847 -0.40721148021989273 0.11359093002889346 0.4598070683608706 -0.23235874681900079 0.18534844217242855 -0.23807450113140161 0.053131563649926127 0.085130944383768406 0.52243430054101103 
-0.43552065796610279 0.27768317402175569 -0.087477625366889036 0.19520466604271633 0.20758002057415256 0.034240856857849132 -0.24386373855503213 0.13333571571030881 0.32787379876426886 0.083304386698781957 0.61533450577753257 -0.26370014289906368 0.057720094893512208 
-0.18856956316015597 0.49403869865951633 -0.2353546529817783 -0.21954404959167076 0.33516798099692829 0.29647105020761449 0.25391939263440305 -0.25953693390860927 0.055527373136352483 0.25301123668791797 -0.26501069710407038 -0.025106003411573558 0.38307935016806433 
0.2566752186068102 -0.52400405058751209 0.045879710833044235 -0.19020757770964936 -0.29710364817673179 -0.40701901126735646 -0.03873061977903592 0.48340977082046799 -0.1632518297263994 -0.29854353314238569 0.11269789026014218 0.023922055716735818 0.055507797665078303 
-0.024640993177717063 0.14376430878352303 0.38327173551679949 0.38181374448093292 0.068554696987826014 0.4038035223654356 -0.14803603897893 -0.37540695931257312 -0.033041555422435899 0.041021901402024046 0.17503573109368448 0.48167002644786383 -0.30004256172539007 
-0.14917414153739209 -0.52297407443164612 -0.034344679315967991 -0.2962195311223918 -0.24414811787403148 -0.20066198177804609 0.4103309393627686 0.016533880288926973 0.36237195130221539 0.098937514648675076 -0.0085310877299630203 -0.31249345573107379 -0.32859433917363268 
0.28218561120121133 -0.21660227415310188 -0.31114625055579631 0.12825519656878803 -0.12299616169450225 0.40145549197518676 0.40862030826086287 -0.30059400448912404 -0.2739966396107677 -0.41427708097540483 -0.24786291680621267 -0.047055935527229156 0.1273637560639741 
0.074840354840080295 0.20624015054256836 -0.52336473717994747 -0.12969252392283087 0.50832960159917995 0.3940161987595221 -0.07133119378946004 0.047281512184612406 0.23207750665428237 -0.1625873628845439 -0.35035673566381087 0.16215530268807002 -0.10403311625834709 
0.035117917058324406 -0.4550463492514461 -0.456740747849889 0.30857429864557745 0.15825416853498289 -0.039609250268525041 -0.55362218188674728 -0.11870052771299533 0.0012310975168881451 0.26229881771942803 -0.25258772100501209 0.045656111121869361 0.077340226389803091 
0.34471237547268258 -0.084422291126121526 -0.05675789206369488 0.37910985692693372 -0.027550608135276284 0.37663692363416407 0.014453513088973418 0.24437989947070421 0.69592222366924983 0.16683630131666122 -0.031868876201757136 -0.10204193672620331 0.031390930412983679 
0.30559423750037257 -0.20002718215932161 -0.38417911430384272 0.20214817530549542 -0.097755630801679011 0.25338961118154268 0.15916333015643003 -0.12783626245792321 0.41732495567549305 0.316195281633109 0.22080985803230135 0.48793347252902181 0.041600912350685686 
0.034439227056288109 -0.43859589566391738 0.26285641091620326 -0.34995810977402797 -0.12470353006171413 -0.056340284793362325 0.10759179505411333 0.11277433709105551 0.45839309398977263 -0.42370112480143418 0.2921884134772133 -0.29607828595234675 0.095816871489846869 
0.30596348577227339 0.036644051266198505 0.21942543692113872 -0.029369186489299728 -0.23879799464433893 0.34425200348285001 -0.028956645725336135 -0.038450617759525706 -0.0011651086002652904 0.5301766989139779 0.31801745501423101 -0.42095214767826977 -0.34461300618794016 
-0.067110832156197328 -0.26977969555004272 -0.17100426526404261 -0.3694503481145921 -0.31574037531693155 0.37690776845732255 0.11432714197999942 0.042130003268583065 -0.30536619258522513 0.60203190619504698 0.097248605231481197 -0.08555855645409885 0.16707323264198573 
-0.15453410098452786 -0.096062259721685625 -0.69547145428755641 0.13242345687717688 -0.45497929595527298 0.021867973021285327 -0.20804563409496088 -0.062490586828951124 0.30991076408480189 -0.038496222820414795 -0.16746268585058346 -0.26610123211022935 0.1209216820084902 
-0.45522190998187212 -0.29015153360791601 -0.12422090857821799 -0.079327278277812358 0.011095688254988812 -0.51940523685751872 -0.36567592991591114 -0.0078642850968824729 -0.41475891929364711 0.074646420610916794 -0.11174863489939031 -0.015359016981605803 0.304721341375156 
-0.10592196225830187 0.043960858587047194 0.28191860356979548 0.12106174129092093 0.020709265779230216 0.61842646587561789 0.063970252563735522 0.5541913031126553 -0.10904493049706168 0.19360961213962938 0.019890385205408243 -0.30541605946563827 0.23571911240735158 
-0.14786699545721255 0.17264184011518099 0.75113536812974069 0.094243711148777776 0.26468910058497502 0.19242133487115817 0.28140915300278818 0.032271328316114914 0.12821232262823004 0.082427246976363625 -0.30341321806568178 -0.16494458004610146 0.21313409427190522 
0.25673994655503801 -0.042874910519610079 0.23759343465221103 0.033670030206710791 0.42360643213286781 -0.16060172027648292 -0.15749309646378135 0.011642358514041018 0.025140475034726786 0.60955539352535693 0.11531320589674131 0.4942593008577944 0.12127603111014558 
-0.018322189616423182 -0.27562766039039149 -0.1364780245029163 -0.12800919260462604 -0.021410872617110777 0.034441057569726839 -0.028873623953338218 0.273045262590624 0.70903205917316692 0.32117192666542838 0.37163678110852177 0.17549883510206196 -0.19198298499485419 
-0.034432442386375571 0.46546740099926931 -0.3740444462211201 0.22397310296699297 0.074686172639607917 0.11690909176504591 -0.023901720879225097 -0.24991610349839727 -0.015518002521459406 -0.054464325202250134 0.13869966359787339 0.16927639863983612 0.67727906272558491 
0.13451455241803145 -0.66752262555113429 0.080958820007839036 -0.12548102835245972 0.27444726373746098 -0.12887050943484801 -0.044962831497491536 -0.28251278322489759 0.11100216378822569 -0.018299263202383492 0.42952967971448652 -0.17237168324683352 0.33673644966727845 
-0.10523352685026816 -0.16454774409299899 0.27097385429491694 0.08854107714861327 0.37456408284564124 -0.44084138574743587 0.11629405601688708 0.033631369689261198 0.17415207983597075 -0.15282153189998995 -0.058829105776053742 0.66349479893063734 0.1841718144311382 
0.30969610852557805 -0.044301519292491966 -0.012480878005173734 -0.14251169953255452 -0.58856021421178473 0.12795901784798697 -0.27215350355338086 0.018485195062969723 -0.030466270916080011 -0.35856647560310645 -0.32504474041491394 -0.078871497364516069 -0.4506679082657527 
-0.31579592771279996 -0.051965195865260619 0.092563650802592684 -0.05656402733338476 0.049460596450947317 0.4948563838847701 -0.47406880649406524 0.31200041825534136 -0.20224514117833839 0.47092023914491754 0.18571217458511735 0.03966640482668999 -0.13288695209858223 
0.57655042864713801 -0.39229626632974246 0.38472599756292247 0.057946444169724345 -0.19683824395827584 0.1220405919868181 0.080885660558320985 0.27103945768086846 0.25165532125014223 -0.034210511609827438 0.15359291155058677 0.013588641219766552 0.37470133107579723 
-0.11575624649099119 -0.24362146859166303 -0.032580246942242042 0.11493473665486222 -0.26306683385447127 0.065963451300701706 0.056138553394015314 -0.099595184998051228 -0.2679201415788155 0.58191510240626121 0.53246079751269226 0.23982126197919448 -0.27370861142442304 
-0.01430021169668701 0.056105382482176856 0.1282251527236529 0.33485438213446012 -0.41174838572633154 0.17085274731831651 -0.30906863279134666 -0.017435737031431663 -0.2912268445577646 -0.23250688067726924 -0.17410166976348213 0.63497006952844637 0.033953183882614681 
-0.011724898399708255 0.089251324186714762 -0.14636683309858303 0.55848787884035656 0.10020822898502246 -0.070181064788749026 0.47969615295735046 -0.40150076574716925 0.3580053499006694 0.15154107622975474 -0.2469042255797321 0.089158579816804195 -0.17956323362602047 
0.077804139433375455 0.030839435748361975 -0.13067516904538279 -0.32229210652526663 -0.086617907185564114 0.51816044357939983 0.015721099840816443 -0.35853341455811205 -0.24472236669374264 -0.37421400653206122 0.24221199722920114 0.09500980254679367 0.44681349605736692 
-0.35824479948597948 -0.33684947504557639 0.32944271854129198 0.32526250081094599 0.42589012079633642 0.0053292347049863666 -0.086902482826179017 -0.091577975963860483 0.29119134864055712 -0.30903935215381489 -0.30376736805282079 -0.016860695490790528 0.27140175567362207 
0.1555815440096957 0.091647943779801969 -0.26025354756991598 -0.18821867847277104 0.14286155831847816 0.27076026682723864 0.3077401100169484 -0.34075450304238603 0.30365242604862946 -0.28354866984269383 -0.078748194537509614 -0.59465326299727339 0.16516742617804894 
-0.30773466827356111 0.6123381599933545 0.091131915257875701 -0.099876372997133991 0.167227032596825 -0.17250732324792789 0.31116401680522782 -0.025473220245517385 0.17162725636152734 0.40831583198199806 0.31610487519751329 0.029036427936218221 -0.24479033588618329 
0.62879142109374964 -0.17703129600110692 -0.10174063542682288 0.23207520095012873 -0.0099553294100615374 0.21474111518489211 -0.27521173149344674 0.028656823463088871 -0.18792470854966623 0.27746504435724861 0.2382344198591031 0.32554821108216508 -0.33355033190928945 
0.27527492201593085 -0.58067161150796109 0.10154579594957053 -0.040900180329544421 0.27074509933858587 0.23485248640889755 0.26513859752499103 -0.19663943035255343 -0.042462970705568648 -0.38598705707274533 0.03653103126567489 -0.36165752571833004 -0.23391427607949125 
0.14474105947182819 -0.073762535154203723 -0.10015145291635555 0.063775088901998567 -0.2890776943067892 0.48500941644920359 -0.45423664556379234 -0.26326199691824792 -0.25120760734936681 -0.085710504211647373 0.35768127392037974 -0.12198356561464437 -0.38962320968411257 
0.61479645513199221 0.046196758709224829 0.11345504171721742 0.0099238325616281976 0.12440210383754979 0.17928042238186512 -0.47204823632599896 -0.33949757681033477 -0.023187522486273374 0.34863768200618866 -0.045226549514700717 -0.099666504126154867 -0.2952124770254354 
0.3269376557381507 0.17501660099522584 0.34172863896176231 -0.083562913508585815 -0.055142118376238773 -0.28841428747023379 -0.42916718102862239 -0.22308110647190055 -0.32256646067076111 -0.18690801112623731 -0.50110995338053343 0.051759594382234597 -0.160538669804423 
-0.034476681070322659 -0.37092311594552391 0.088476340388505631 0.29820349154349857 -0.4778490548124717 0.07858321364222183 -0.4115613260287978 -0.18865442668321458 0.056780112070944841 0.50774275705615524 0.061888416356244536 -0.15874575266664259 -0.18689215703859463 
-0.17022510164921903 -0.62784205220405631 0.17241641411336051 -0.044749825053173785 0.035533053249563011 0.18547749454736903 -0.50305034354798717 -0.084227089994753104 0.35311834259160496 -0.10409993978382694 -0.21724748185401455 -0.24740662557960458 0.073168215605817016 
-0.0025682854588550564 -0.023157602825666247 0.30132541227648374 -0.13532468659660349 -0.20024913668206848 0.43134692015707637 -0.31274683829899508 -0.44612023767213549 -0.27902532303513256 -0.45378443048987521 -0.23240009153465024 -0.12842659921115071 -0.11434590800462999 
0.27652844569409291 -0.20815012377937972 0.29581931323926369 0.20484027170958347 -0.047752277221052256 0.43671870543077773 0.139661159752863 -0.20945264046905832 -0.46669031944519085 0.0087319351461504977 -0.40579099516919548 0.32383795398684972 0.083332663099654508 
-0.090177194158882271 0.053562496922568911 -0.30311799298115055 0.29421881498288194 0.50302444432308124 -0.2076610297071711 0.27140998220463231 -0.038659626664440498 0.028387356491892668 0.51434909721205635 0.02415788518338112 -0.19488962582648872 -0.36784896128123218 
-0.2722665214764991 0.46536223018900313 -0.10417245843508928 0.13855417045552876 0.023658255068236864 -0.027317946427775342 -0.33117067545314294 -0.41704045816348811 0.5481273573835882 0.0007524989919934379 0.10059791588865007 0.26304233844599656 0.12083730728148415 
-0.0060313948119717605 -0.48545561363736778 -0.018657049327868894 0.017209609386097315 0.035475428045747381 0.24025783120446756 0.092089466359783712 0.0040301830577508836 -0.11981376912680551 0.64252114269078886 -0.24230846010717899 0.40555626101675712 -0.21399799277862239 
0.17860542380926678 0.24402435473889661 -0.48943502238685865 0.20551782571680197 0.1890946375640514 0.2546348414877535 -0.091104887795115802 0.30980551075012253 -0.23494106954578353 0.055090182233678335 -0.072409086330381331 0.31441120986716964 -0.50947329715748391 
0.1344689429656207 -0.042829095985634204 0.10158459364949868 0.32227945360008625 0.032217997050936011 0.59013948171376063 -0.32747183631848276 0.3682040276393867 0.14510608052628352 -0.11011840891523503 0.41954618586687736 0.19563092272776056 0.162213996564878 
-0.29306540535564379 0.01366342820437645 0.52296235051334505 -0.1781362059629723 0.052181327743666565 0.34578400719726049 0.040792177434481228 -0.40204853181016759 0.072286246707648841 -0.35234006331621393 -0.12546257911621639 0.31726240342712864 0.27810473503243766 
0.10456917686749401 -0.074069098729019137 -0.35913753206756827 -0.35215447122019183 0.59056573190239747 -0.28984275484315636 0.16385986888223478 0.11288763496794703 0.24309581898407978 -0.16967063502064156 -0.0029676799201620576 -0.37707376356576461 -0.16774684629499917 
-0.40535622395823184 0.57746778657348574 0.21647262016319635 0.12391100043976615 0.35793598873571991 0.075615979198375233 -0.11069420563235945 0.19917292626333313 -0.21082136760283149 0.23543387453509185 -0.37467811922044192 -0.042752116513429216 -0.11026219203895703 
-0.27138555188910224 -0.13043521932626562 -0.092179344905927219 -0.16971968135813717 0.3289806242093366 0.48443509321729594 0.54642375423198075 0.06577660087982562 0.046547238571259641 0.38894061999876123 -0.034791681041226319 -0.251653156269666 0.090787771345495344 
-0.10366376447224181 0.39529946942490712 0.60250889073605973 -0.13131702942380405 -0.24509412715535597 -0.082565655992423992 0.22948014557104324 0.31616231385772159 0.3015873460508558 -0.12033217620211979 -0.32170033316642771 -0.15447611712413883 -0.020840539719080089 
-0.054414257861374785 0.00031449934196097114 0.55508379959971399 0.50752654264337482 -0.19735652669424117 0.10814547232825095 0.30396861947757314 0.017171651831977972 0.1888550797954405 0.15459569369386658 0.13959591272236513 0.086035487611014747 -0.44893847111583812 
0.22396630572823056 0.48716058140405677 -0.12186178941321033 -0.15889287131716884 -0.19715732002023301 0.16166895337121551 0.088104375747789079 -0.51062635157530045 -0.084671298276660756 0.48015833564558724 -0.17383953001882776 0.202800741354911 0.1727348585153772 
-0.31079577116335139 -0.46531737065589268 -0.5474661055358343 -0.029237057921425402 -0.033546280995245939 -0.14176097597526699 -0.1422478108441336 -0.084874843609605621 -0.16818950567428767 0.25290240653464519 -0.05671815689907949 0.25208112894965323 -0.42266168851231112 
-0.57166305261433192 0.11103278464443675 0.031980759697273264 0.23721740013224765 -0.13247350472556813 0.31806769078502228 0.51539557964018479 -0.020108686139504478 0.17222354780967189 0.049619132527126165 0.373473369765282 -0.018267962170860224 -0.2165314708035565 
0.42458677459041638 -0.14596832878866831 -0.31494458870137659 -0.16914032759449185 0.17427584651960995 0.033687928352228731 -0.25145316174934196 0.38876724511624244 -0.42647112879172772 -0.35410607487645979 0.19954414639980181 -0.067233602785883417 0.27044075723417749 
-0.36690529459458088 0.27930331112236428 -0.44007825310189597 -0.13393224422728281 -0.37438383601007347 0.15981709750591158 0.33896669377554667 0.011800703926738172 -0.11451454628627131 0.34416235646083787 0.22838812814210419 0.10153107994475546 0.31778924885467946 
-0.43298701012564367 -0.11623983657373696 0.51944007126760017 0.36754034629895382 -0.36199260624479929 -0.037716658301033039 -0.21476847989163192 0.014642235934527422 0.20103950964655182 -0.10683411760765221 -0.1428529450069306 -0.36098617037365688 0.11294766540382581 
-0.081981900436807323 -0.44679542328377114 0.54931564820910106 0.35573673235150011 -0.10730381532168065 0.15993720865296393 0.057514719191045248 0.17045014180424106 -0.13915983532924092 0.14835018111676293 0.29231846712969545 -0.39651678770759252 -0.10886879809061555 
-0.076373086926628558 0.036076239020061615 0.032652263264363782 -0.48186670747558874 -0.13703822215404132 0.47168486590632736 0.19749383559009875 0.0252070891412015 0.28847658428448009 -0.2657250922236819 -0.44918121553895873 0.30977949131133825 -0.16475133097686961 
0.0054000113956636795 0.19491185815717665 0.28162606898362907 0.046770508677843985 0.12721036788977597 0.086070799318506405 -0.015178334323779083 -0.62923665300347309 0.37394399333934708 0.37864648237501608 0.28633500809548074 -0.024375156101317547 -0.30810797269479595 
-0.059463539484032088 -0.017047339189538619 -0.010173719989589051 -0.28567153583076421 0.2892509630152702 -0.34279388187710214 -0.23878052412908021 0.082836282492822502 -0.073373944236670707 0.32112191852653849 0.54118346460032907 0.0066978733240244184 0.49797847861442746 
0.26060978961723669 0.37892475234040202 -0.057990467624984651 -0.07419174351892055 -0.2375881175098484 0.045221677491035187 -0.17885985716510341 0.40011359078442443 -0.033519759507000105 0.084643277383954302 -0.7135009327694255 -0.086619379651193595 -0.064667271996561082 
-0.49201281959791532 0.038340303985517563 -0.24851545621437551 -0.19080972901764326 -0.03995422467348643 0.056289194606810714 -0.27973511043164789 -0.49638953651597706 -0.4618698294101255 -0.22054262747376838 -0.059058537151506919 0.074323628549310794 -0.24060611356177708 
0.54907509737266347 0.34536579749469731 -0.3970750884323514 0.035302447680033544 0.40743932073898803 0.12987323422051067 0.054310898602503682 0.034761704126998909 -0.11979597312350375 0.2069861410259479 -0.35018028277518837 -0.21756058735021613 -0.078351965528758297 
-0.062755880145281551 0.048216796333280895 0.38688492103471167 -0.22935996372002121 -0.12938229362675877 -0.48083133582533849 -0.58740611578019297 -0.10897231073399902 0.053179031650823348 -0.20106623209832267 -0.099983692810024075 -0.18556984598858148 0.31448831223558898 
0.14786085571292518 0.20791172977473471 -0.053473911220939398 0.13304073829755209 0.33987887109317039 -0.62499115962035601 -0.54042976035095391 -0.25477383243207791 -0.068814016729873792 0.18142920460617259 0.044126226672982577 0.065215837451724476 0.085981393569541043 
-0.16473697590983646 -0.32229155612636368 0.37434428220026333 -0.071810130386957272 0.39299420256124712 -0.031906073908840989 -0.58469489608832692 -0.13666474108933074 -0.03301198578627311 -0.061872369330775834 0.18812975638360208 0.2258094182103465 0.34116132771186236 
0.2566993029522846 0.074026641030079277 -0.055265757663615182 -0.15700068275227572 0.08019955885129014 -0.17946267284170736 -0.48425612995138156 0.10290474212572848 0.060074641171819688 0.14541235373025663 0.22926210166491587 0.60039215923879596 -0.42356136406828154 
-0.34847984945857868 0.29383859037040422 0.20720136088924773 -0.24931259965573496 -0.59615823839402693 0.26092066915980827 -0.17844612552944525 0.014490487038895295 -0.12103733970413731 -0.2019176395882761 -0.00019764078460375904 0.15302287199074832 -0.39084198482801774 
-0.012540475617590474 -0.59870335247523654 0.088436826684181985 0.19378957894552684 -0.24446680676672913 -0.2793866132735322 -0.18330486019441153 0.049929347615797627 0.1021644716128918 -0.089781512167336847 0.59795272510869291 0.18613782340841953 -0.10683631507032602 
-0.49496355825005672 0.20993637611359711 -0.33441281394921396 -0.25459939338338783 -0.091442766309398738 -0.43049361671972508 0.17079766831277993 0.16853407459104466 0.13387759224448723 -0.091745702957686442 0.10887810609619086 -0.16792078043908865 0.46543591093863629 
0.11781521060262702 0.57491734419321927 0.35236705990812484 0.20108867800294472 0.080114694949040582 -0.08693485214639074 0.25186178905047041 0.20223520322566105 -0.35405164954401636 -0.30700254700619961 0.34419482671361923 0.044800264596933134 0.18055656797186614 
0.57806110456124316 0.17778882165780249 0.085641931474656596 0.34419493674305274 -0.0072192259867457087 0.28634113140947576 -0.043627106690435791 -0.41452484308436932 0.041042650052449899 -0.081608970152017887 -0.14455825797571265 -0.46525516058701738 0.083368405965756939 
-0.20462987660926626 -0.3647909702205257 0.087649655089611075 0.093383149383057321 -0.60615265876380819 0.47735050213772562 -0.15978048983842405 0.090496031810805164 -0.37083299587116397 0.013261106422226108 -0.19817816653241849 0.033270554382611735 -0.039660048473683887 
-0.049763968962794503 0.19316462886209002 -0.30838929445425178 0.3263524384636694 0.09781705184995601 -0.32893563146233007 -0.2189898347747343 -0.20117176535316772 -0.5974845271760717 -0.28878165178007026 -0.10361901021278777 0.29735873615864511 0.11342808501146646 
-0.17025768700987345 0.26423082898681782 0.26290580293764365 -0.48476682282769507 0.45106756021379224 0.16406359368660015 0.28269211485768037 0.15962853787385142 -0.35905106068736709 0.30860727038919644 0.035516058655625758 0.18065188115572847 -0.056995987857729857 
-0.28875652163370297 -0.018317543350504156 0.023928175813377604 -0.5925575766881408 -0.15839690476153809 0.19778029205181208 -0.34865378608767 0.048383244729292986 0.18714587367209543 -0.044075471125533477 -0.29675553238719704 -0.2772112555731302 -0.41785634354299594 
0.086839367320055622 -0.33852569684466655 -0.066160962542530469 -0.011382540174371635 -0.083922437668064828 -0.4792906722273314 0.014390057376393888 -0.4292893960027151 -0.6009392163252093 -0.044121108165127786 0.085357800162887826 -0.2631059938545276 -0.1118397354246648 
0.24753122497650487 -0.32005572231135515 -0.16970959612049072 0.064974245438637335 -0.5060736744280544 -0.1387608397412384 0.18961799446501432 -0.094508020794158196 0.098721751623648213 0.30150504721777988 -0.15272121375567332 0.39864613549747835 -0.4473521600014928 
0.41919589414384184 0.39992049240008809 0.16413492867932877 0.1017528006429486 -0.18173952730457993 -0.064345452387026394 0.24965668000686844 0.077822118213645486 0.33318030860670123 0.31558367133916992 -0.3443084935034626 -0.4377196198199868 -0.027224730006496771 
0.37034623647236192 0.0057512816243279795 0.037333068285143461 0.17078092159677666 -0.45588523283318361 0.10539467052849839 -0.081473135987540801 0.011160132315428747 -0.38280920312903283 0.5925513270992715 -0.32747520334904673 0.010705195738846058 -0.039170561874819598 
-0.46168685756585759 -0.0059043632113164688 0.068351241867532581 0.18669730916130781 -0.10354926471454405 0.053245384499032301 -0.23601828038152387 0.037952539055268131 -0.18437969306772217 -0.70821053774362508 -0.10727050938960854 -0.26156566502331025 0.24718103720573853 
0.15206494279709448 0.34906667733400648 -0.41812568634129815 -0.082791866330041083 -0.15741668440678777 0.36626597045461451 -0.24075065512903651 0.053500140764675068 0.45052823792385027 -0.16006308114803586 0.25501112476975574 0.30367213749606797 -0.26028423814667262 
0.27131058589445306 -0.11537653850213864 -0.016704726254098939 0.58117359319186257 -0.17666608056535127 0.11291279525434152 -0.2104047642441855 -0.13920101016506886 0.40545179042088142 -0.38258803351396808 0.061715220269244808 0.33984212430360616 -0.19329651324417807 
0.17978100266875274 0.19133604369319984 0.45391727114787234 -0.27029594744627367 0.24701396645003015 0.12707353365388743 -0.072827858119534086 0.13076433556058342 -0.15106009469823697 0.22179229395495415 0.14791242919289616 -0.56790165697513029 -0.36878229036738852 
0.29679297976165891 -0.18831077394222823 0.11977428045635502 -0.15566890526818894 -0.3982923377896454 0.43414588184143421 -0.089764205393004365 -0.52025181100003004 -0.054876594788334093 0.27032235568641749 0.1337130722577082 0.34337607115380869 -0.012781713568101233 
0.058137222637004264 0.13693890574114581 -0.16127386658552947 0.32282089250201168 -0.21472754010923617 0.26847316791783854 -0.21757404684298165 -0.022804810298670312 0.45677017938215786 -0.46856606935480188 0.45034232930944745 -0.22383618347955361 -0.02229166722494114 
0.29822436799882618 0.52778375387583498 0.27527518988460675 -0.28785618337690133 0.43435765246125413 0.15189337609545803 -0.10833782084358148 -0.10216072168415831 -0.29617311463834634 -0.21788328389795675 -0.097260938353395179 0.25162653203162449 0.17885641610027941 
0.50796925820516503 -0.094754961054148587 -0.26660685869100531 0.013961607446753746 0.40240217281196311 0.13623114763172448 -0.55219518891397001 0.0030426314876040119 0.23460774365835887 -0.028173381395437735 0.25446309083216367 -0.14041675189823874 0.18972745279046915 
0.24521420374420336 0.022158880296515786 -0.26021923454498458 -0.18446419274826006 0.073622343046136796 0.054381652915768547 0.31217544427104177 0.098668797811395093 -0.15134612965071226 0.21394412825250439 -0.017749439099729782 0.4854688120982214 0.64606384015315854 
-0.11651236428892611 -0.07308487851270426 -0.12057171223482085 -0.1652556189264543 0.24375393840959328 -0.30083522408172159 -0.13551441860041244 -0.38147734074204365 0.0087483545890687658 0.37628075014869872 -0.30567331161680994 -0.21600637726494101 0.5862345207691837 
0.10134942206852227 0.12827207352824122 0.10261087134382707 0.48917955871194707 0.11122046430606872 -0.28761088829854203 0.14399108332405236 0.12355424539926263 0.56679627089765727 -0.17521992272819478 -0.46044522344506039 -0.047395226844825049 0.16169011872352954 
0.058475422076361819 -0.041314104573344446 -0.18202014397392227 0.33463301032303283 -0.1341398825987376 0.21357069292186742 0.20875955363416357 -0.6229140003590391 -0.34420500052062236 -0.010885341067803049 0.28953975405097537 -0.35496245730498216 0.16164048071300494 
0.18213233298094053 -0.40207066543673137 -0.017016272198934243 -0.23627356910909131 -0.0072823302206903228 0.073099434404935201 0.20646822397432155 0.30493451022013379 -0.13389817205242879 0.091349941445546354 0.73163181120587584 0.10858608651420647 0.18625767094826168 
-0.06465515702752353 0.069752030060078019 0.22150592699549385 0.28809360564816594 0.37751203798407462 0.12449177354663669 0.29087934410889571 -0.52300793087693598 0.11378117055223211 -0.066689022301505016 0.02635495768378851 -0.56280019051845176 -0.088869093951675568 
-0.39864146302931464 -0.3157185459758457 0.20701263778944445 -0.14778862627295308 -0.19481129657971216 -0.073581680114614786 0.38489367528797869 -0.57941216234685655 -0.088333083521753647 -0.13974412532478087 -0.22432121843663891 0.12942374716399285 0.23469576853180044 
0.20177700135048898 -0.28672733069562406 0.38294112585459167 0.22954368070033956 -0.35984426428120792 -0.25268921292481139 0.33062592959254594 -0.075683655929385293 0.045523728552323312 -0.3608489762403102 -0.20531295511553965 -0.44101977499627237 0.02053712220551026 
0.26120901552246478 0.42871813150777122 0.16269938108188317 0.11717432531743048 -0.25724594267205486 -0.21514221143984583 0.40615924001108961 -0.59765560126083472 0.0043698195771719409 0.07098092493810336 0.12022537914293284 -0.17490617736181599 0.15181176167003521 
-0.13356890686885459 0.27999071197078884 0.25123066898494339 -0.38457857171622478 0.20629709766447479 -0.16061438674747314 0.46389390570168304 -0.065231814972875432 0.01451168120034309 -0.49305854436369034 0.199456175879867 0.072011798034048682 0.34154504839793537 
-0.39998900945799076 0.15018981555371469 0.050107973938403175 0.52002639642279214 -0.29168254927318099 0.39644570201787993 -0.068234801291369246 -0.31200185584973805 0.11452557715365491 0.27104962558977769 -0.27417085539986313 -0.031415169175684925 -0.19371092139680532 
-0.079213820028940424 0.036130513881591358 0.58670146102628706 0.12420429308115774 -0.3892295918220432 -0.53490035424696569 0.078522171813310199 0.24890986445865129 -0.29820266869266715 -0.17757952378663833 0.050537948736142951 0.042704255513577566 -0.046877212941619034 
0.029282204093635755 -0.23276954296603319 -0.38031556293895613 -0.12421757432210206 -0.1454543347961775 -0.4390646977150795 0.076256938060297541 -0.22899489165868139 0.09237037532474697 -0.25485602770552279 0.33326762363415607 -0.5704350992093663 -0.052488221914965688 
0.033068560124952885 0.11710606170758671 0.37452262316375007 0.10592924842240611 -0.04518400780416354 0.16229551357612701 -0.45170272841752479 0.0037359554402620816 0.16080797366734845 0.39170344018069159 -0.53297280220916932 0.13525402859310354 -0.34587461544465781 
0.03141413222032248 0.199165366563959 -0.037999862243212931 -0.23938024565556307 -0.039216747697209155 0.0022862690026027202 0.31656008416230685 -0.041220750861250322 0.055215137582012658 0.13411623794592425 0.12413894327791054 -0.1077655745479125 -0.86549813807459441 
0.15331431434118392 0.024069679449730375 0.25642980269992649 0.11387021399567196 -0.12032995529399745 -0.11303307415033027 -0.65121716146086583 -0.36749909740510112 0.26296348964276761 -0.14054458260016786 0.399455952432064 0.20563976050058955 -0.14157049345817591 
0.0053934742047166027 -0.052793750967225939 0.32888269330501096 0.015105571893446161 -0.062444998761716018 0.16148457270426358 -0.28864820086083803 0.13914486483973135 0.041562438941456364 -0.27671562772236935 -0.70971657489637796 -0.37662996282888617 -0.17969218996398037 
0.021847501069231834 0.32176295244480801 0.6624439233235927 -0.26532740309513558 -0.13812664630735752 0.17849765266209189 -0.44116872859134082 -0.30234912603323977 0.16310654996229954 0.14171049649641623 -0.014590571210911297 -0.047260080007267322 0.025366746639848725 
-0.36496540387541565 0.023406462854442377 -0.55657243599169748 0.070122314084703624 0.24577068655263618 -0.4170510735788 0.27639866284959358 0.18095170310040412 0.14118135238306093 -0.040748624150162623 0.01356502954319053 0.034310780639171569 -0.43027194154998083 
-0.15651776220928187 -0.036203110997334427 0.19523456530640609 -0.036443265294849682 0.12925817516929505 0.093812068519239664 0.096003718877245348 0.31907779080467036 -0.33184877466786877 -0.040101709355269494 -0.1325841750731159 0.69750268558002271 -0.4270723953938409 
-0.40848346321233853 -0.28124434404039167 0.089709253704408132 -0.54368810614630547 -0.29275352818504519 0.13488393640134366 -0.10149727112148824 0.32259504151753887 -0.40174103674716916 -0.036715566534106486 0.027370383474948801 -0.15686966617079048 0.20983252215218801 
-0.10989118334540357 0.5137743847704912 0.039764378825417231 0.022099133352541614 -0.16551689678258252 0.3453967204117448 0.61829422607486972 0.19677934881914208 0.080536861914580454 0.13745594685347254 -0.21146472055077634 0.28649084394692237 0.044843918115412842 
0.15519096811476241 0.097976849471755167 0.45544682869101194 0.22621719708353641 -0.059532416170573504 -0.4041755710851635 -0.22813523434525554 0.098256748803571881 -0.50531650817814466 0.45259467414735377 0.02366212272211143 -0.10442628555605386 0.086352382822766388 
0.16214359810924761 -0.052623594932173626 -0.30252087282297252 0.26143879760914474 0.24484821290291561 -0.064536414792355612 -0.23330440982372191 -0.20070895445655138 -0.48870507166148996 0.16674552481223257 -0.23494654802952425 -0.18180503782861229 -0.54529880790081675 
0.078060323127025169 -0.52263073893138745 -0.27271717033216419 0.5477767312059334 0.22704284350432766 0.25778946620099508 0.39147238831638398 -0.17432497978414915 0.043255784120841564 -0.043285192352283203 0.16673854930855928 0.038021493029687228 0.10813859106018411 
-0.39283321011902872 -0.08339353686934059 -0.13964820159585595 -0.15030040894371613 0.16833605497444673 -0.24936916780349708 0.079964028196772841 0.66752853958148028 -0.085693316971692052 -0.051223340405107516 0.34573079091243386 -0.32388672483945569 -0.14044779170123803 
-0.32986205874990276 -0.41565923453095682 -0.29556603230706047 -0.60948031039012562 0.14523747065012466 -0.049781190772707769 0.32072602330475158 -0.0013328136825610816 0.18986946494191242 -0.25714394342628216 -0.020930335298718079 -0.12432948142600278 0.12281907930416514 
0.15191227531452314 -0.13140166946467674 -0.061013593666285768 0.29432149703110672 0.22374275469256846 0.17995528415165823 -0.16517578331834218 0.42900833800475058 0.073712227532825553 0.54300355288761704 0.41674315348919222 -0.26988673976410271 0.16950658507257418 
-0.20741237905864729 0.35358925945233477 0.2364500975481893 0.23083082432760682 0.18630331560295596 -0.19789975890280714 0.17809949094716945 -0.49636081840863827 -0.14200391146090147 0.27891126460450139 -0.005358300050667667 0.49437010913086354 0.16855079721710034 
-0.083677876523855083 0.0068779970566776013 -0.58601041930742737 -0.029957508338503549 0.31977682922595502 0.0062292769279059653 0.51806238873763888 0.26379140742380308 0.016988022782855414 -0.24523636685619668 -0.13349717956812071 -0.09130460206711731 0.34897990884866631 
0.098426488280043301 0.32762145034466322 0.15618451268414144 0.29592469257429949 0.052872077976126572 0.097656526943921046 0.60131686989490563 -0.047402947972532895 0.049703731289542842 -0.39619116820289657 -0.26758366268247746 -0.28033461624903849 0.29193098217256991 
0.13576076218287392 -0.29459036301389879 -0.010498143649935119 0.31758791203008652 0.36015460333007265 -0.093295341457066028 0.30194478710727923 0.12466956198697739 0.47494171639385768 -0.32724698578928402 -0.021350472298423386 -0.43250466316992808 0.16884424002022777 
0.54699911806082591 0.17787379208546178 0.13462820695363523 0.16606497356956948 0.38551718389723849 -0.26189143418324956 0.22764814889064303 0.31052606642400504 -0.21570102187970672 -0.13191492459941631 -0.1694817949972573 0.36112890314754403 -0.18687741350635559 
0.16947309971060209 -0.19023864162344392 -0.03140023135832757 -0.036581475179799011 -0.3359362978473992 -0.35581370808169394 0.29585567023982373 0.35589329237187972 -0.28219665587259474 0.20547650331770098 0.36163221492377789 -0.43800465652460924 -0.1861055093332396 
0.46464237655966728 0.43822552098549139 0.089107856640638652 0.13344154089890545 0.013798263515860767 -0.33906050868731424 -0.38911166027254007 0.083360500281510153 0.42465390372067613 0.23083834646973897 -0.054463552715722306 0.055856588380643134 -0.23044783515752759 
0.0053461644290152431 -0.20502369660183373 -0.099118877910424757 -0.41680164611839127 -0.16731099279197775 -0.062867081585940301 0.2567794749786948 -0.068020375596869437 0.029826262842656895 -0.55285405066468674 -0.041366164815395311 0.57152008776841812 -0.19234669756376074 
0.40381591391717864 -0.035160904894414501 -0.23194393082653961 0.49856906185173444 0.19216124266964263 0.13967207407378845 -0.017541086162814915 -0.25487896965797219 0.24286772460664605 0.19262920184965387 0.36866767925539362 -0.15665986146605357 -0.39379334762054263 
0.22875608282900012 0.08712310590140257 -0.23064515065529673 -0.24189222465907229 -0.19546848579054624 0.15658284529807523 0.55369216746767358 0.29911108404066239 0.43740158744393715 0.26218746067786969 0.10150994709216199 -0.14416694088235002 -0.2800925246920567 
0.33916547412269682 0.092589006777147154 0.27276771520993548 -0.05580065207002223 0.1801054643764308 0.22068161200108291 -0.31745544594688074 0.16864589022122448 -0.46273454786240892 0.54515608304434526 0.13459726678395548 -0.071415412820902413 0.23234751354727029 
-0.2840884814069749 -0.10297777591868187 -0.10700510304369165 -0.20635512527745289 -0.39783745605522669 0.32534727569769434 -0.25776554802587465 -0.44898525471574841 0.22765592992802189 -0.20999633039448762 0.3109217316659717 0.35191764909667433 -0.077822994474422411 
0.05607039339625669 -0.10090207626832985 -0.46923979824561352 0.12898627490737999 0.048649591347329921 -0.079404849017983684 0.25498224365860217 -0.083665395432759082 0.38137226106266942 0.67512627922039847 -0.18346897984975097 -0.080497819744974219 0.16668118941350951 
-0.022209069884537476 0.0024157068708065021 0.18297977379978472 -0.4417502287203528 0.32345793415419699 0.24166504355913909 -0.41111441958959727 -0.24721864376406469 0.0061800094113233228 0.50419593017328712 0.34093803267193151 -0.079272306830431016 0.030697521789904415 
0.13354485868703392 0.042845947283653436 0.19852653230950948 0.17540800881449956 0.29749950378869511 0.18449098443342579 -0.064375619175426765 0.038956697589183478 0.14940402423039559 -0.23544071992331286 -0.55618771281022494 0.35127945704565655 -0.52100728913510053 
0.39513168312380909 -0.15086272138479753 0.072026839762300107 0.69524221717120172 -0.031052829666203773 0.4219743068718716 0.029815944673830717 0.047338571783821635 -0.31032692179828025 -0.03609799044898928 0.18949596214010656 0.093156830622615913 -0.090622752181447289 
0.35629827800549307 0.10158894843287775 0.2211399706824605 -0.35759780566293309 -0.19812520999491526 0.27401316804335157 -0.10618354399120457 -0.079315024143394933 0.14440000323785582 -0.24954898060763289 0.68017441962638592 0.072390925837639328 -0.055188498050157436 
0.27137548258051114 0.14086871654634489 -0.33801898907296929 -0.089592824850158195 -0.23406555215286004 0.17089905643621792 -0.010527318627525305 -0.023810325586762868 0.172061329398742 0.1907717419577977 -0.48985361511665088 -0.055005879029915959 0.62496043482928609 
-0.44730298819116826 0.55119290326715942 0.32100017035635953 0.41359650661082525 -0.21083574385361939 0.05825612252195065 -0.014777906626800348 -0.00028910584370871943 -0.15236868903144918 -0.36117654709399205 -0.021443951324065832 0.0052714105866968671 -0.14066604886665618 
-0.10869875147205509 0.018963302759530152 -0.22147903400305266 -0.1744381115719276 0.1106802599542572 -0.024739835792959412 0.22845651634639338 -0.031736815126293595 0.53590697610950611 0.21960959696411467 0.51734233975020572 0.10771795166122765 0.47708558651586053 
0.10281055500863154 -0.085036943590142688 0.53494327160075239 -0.10327607976106283 -0.23727054193371178 -0.20730386393384695 0.40942834830854924 0.23184506101660768 -0.095784059406118727 0.29978369619538281 -0.14439710594852759 -0.3778225251826775 0.3194797543686404 
-0.3484850084456087 -0.15233411215492412 -0.18616088372274675 -0.077625569041764972 -0.20630826111843467 0.3676124044218263 0.30627363551623565 -0.015723727989721395 0.14264539940555365 -0.47075149265144195 -0.43189037723571033 -0.29763991292970438 -0.16076276346738672 
-0.040017953088224839 0.60727862895147899 0.11352850019348842 0.39857871505847481 -0.038457368163322778 -0.30430368351810544 0.032637084315113411 0.33324429363662839 0.030009154241905346 0.15219497236449736 -0.4143130641975758 -0.05230838432131088 0.23066325482498043 
-0.15267403971956092 -0.13136818638990796 -0.33785928895226808 0.24536093961230049 0.49571895571588959 0.3651042589888342 -0.038593555310756603 -0.31625881312366944 -0.0045277905374078017 0.35045804804765762 0.12341873166048642 -0.36790509776715019 0.17637164281015968 
-0.39247853678986772 0.036417158290310885 -0.3710225862518397 0.48265019477396837 0.026802694828184453 -0.025164872857834975 0.030575331632520398 0.13430636783412339 0.22317882547032711 -0.28041569920572829 -0.17977481968885767 -0.49802297984680111 -0.21192707553956189 
0.42452642717998518 -0.017750405769904817 -0.033820014411347049 0.013111872641622226 0.18271744989476921 -0.30399723473091722 -0.11790625088517714 -0.00011960905249746018 0.7226532504142712 -0.31618316055268142 0.16851810038764581 0.074360098013543097 0.14938993249677979 
-0.070508601894143194 -0.37522201980899156 -0.096338571385112579 -0.15349859325023812 -0.35456378035005082 -0.21750533014312221 0.66145442010816402 0.022143616268086863 -0.19293369481241174 -0.27922782169654842 0.29046575464107149 0.10321907792922347 0.011898830744638883 
0.49121043437562095 0.17452161843556679 0.049654773245423195 0.076253895195784738 0.22432774151957735 0.56112517206226209 0.10028282316233758 0.075670314965842395 -0.22245982393714303 -0.089471465921788382 0.17430038352103483 -0.065040975441231913 0.49689310382886043 
-0.052928259929134677 0.075468938108141509 -0.17793795252140074 -0.29654853008318238 0.085357533310790296 0.051996438586820598 0.078320247333807658 -0.40788420574874329 0.052525117060022129 0.4481452467731854 0.46453580215561352 0.51897237689014075 -0.02623125792716521 
0.14303436121031382 -0.032631343055518978 0.093209027920644311 -0.018313277646211438 -0.35905621943342603 -0.18808316607865852 0.61096301179017454 -0.21864982473463693 -0.52614233368876795 0.12304016238573041 -0.28372081608725663 0.075019746116532518 0.077348390954878915 
-0.22272208637352209 -0.09964237885682678 0.26075691700376702 -0.0577276182243536 -0.17126100151299387 -0.3712486639769238 0.16227433555916917 -0.10199324169371951 0.39735003433465643 0.52279214076888503 0.029544934323132918 0.10087053029102726 -0.47223055721643631 
-0.29271940201321744 -0.069903147326377438 -0.069790796272481526 -0.17195693150096711 0.25941752849263044 -0.0184772384451065 -0.23115611251866824 0.052221499830335916 0.46981231677294089 -0.61845330029763013 -0.13444544227080005 -0.33909862959708464 -0.12214053025781492 
-0.13954458185542573 -0.45717905693343358 -0.12343686238006477 -0.01888656523939768 -0.40094401200555896 0.2924716071693631 -0.30219151609396427 0.34778301650657034 0.085328166261292873 -0.13520444250631369 0.43993269243406746 -0.27050740163096854 0.071250347803835559 
0.46349871822109007 0.3483124058879708 0.057865718540357824 0.29252601943622197 -0.26447114627216872 -0.05114732822052772 0.14027416394472583 -0.091327879588558925 -0.51101282786686375 -0.4240518479148303 -0.069109306707840323 0.062879044073651205 -0.1570505753115031 
0.13459882523835084 0.39803155955258351 0.32257043071871622 0.14926011332587122 0.044245066246985064 0.098214433372654689 -0.19205636643243928 0.087141938415205664 0.29064598077779769 -0.70224415521874406 -0.24794543052532111 0.043959448547577662 0.00306499533632945 
-0.035356305629011153 0.57595008822140936 0.051870607506017699 -0.24415158476005075 -0.20509679616238455 -0.31853845399683284 0.18289929926464737 0.058244411719963043 -0.19610725091669326 -0.50168587447812329 -0.34844269451479115 0.096217327061825758 0.0594811543821053 
-0.33192062637187408 -0.33666535778041834 0.070074226582634444 -0.3419622142705499 0.38856602482690933 0.11009274910072098 0.065994701944598833 -0.58001440648925895 0.21101905057231846 0.08053214015646834 -0.04017299256993994 -0.24268620601965718 -0.19807996046664045 
0.027730728152501192 -0.14341651957275842 0.014505333787982203 -0.37594538663272736 0.41312206535509233 0.019157630391964487 -0.4513232212155317 0.001750184008241875 0.12423019320669612 -0.40311499452147126 -0.28380672787080474 0.42295695911775122 -0.158149023360979 
-0.57248510914059658 -0.1172690171689455 -0.22460085687422995 0.56785858574043413 0.39589177780650009 -0.23918115185409911 -0.081618619338662241 0.059570695182809892 0.03407315663153463 0.072305450066995305 0.14790568762894363 0.12899563127534142 0.12863376616986857 
0.11745410859161085 0.14413741239479053 -0.089789584896422012 -0.24897611076562637 0.061916248857305553 -0.38066393891747413 0.54566769895821898 0.24405335790924315 0.11914676628060825 -0.0059863847449318185 0.30546231031196802 0.53020582496997615 -0.025816688531176902 
-0.053876591662956996 0.15301080607786643 -0.36864733540556399 0.019670278293069041 0.18783654994648027 -0.12229577518319014 0.25244657620567879 -0.2897404648492159 0.22092810572991131 -0.02846295845032127 -0.19553817888892328 0.63700201314303173 -0.38190768433660605 
0.46140887286735233 -0.16755326581411886 -0.031554383187773226 0.60505330795492085 -0.027928374062521764 -0.288560694214546 0.13642459855905445 -0.13517745814430865 -0.012322667021120021 0.48914741555031099 -0.084948053160845888 0.14753666322547115 -0.051092122577274475 
-0.46862357388148868 -0.28057027517151034 0.22138711452111762 0.021645739187826696 0.56963818654344811 -0.15493605120285969 -0.075265971799132692 -0.010517046909795207 0.018554208157731827 0.27751733697713282 0.10932748059993518 -0.3262803279533189 0.31961159942567974 
0.43854509567139099 0.19275558504318754 -0.028481091148221283 0.015767283036393895 -0.3920240159186843 -0.43017096637790903 0.28760617890672113 -0.20724363021394296 0.47821517748857217 -0.098661150372275339 0.10542885093496811 0.070478620201829434 -0.22485622264140687 
0.27376421892082092 -0.46395976199608591 -0.057797825684795308 0.19718215698380509 -0.6123143948180777 0.029156379333348883 0.14230271923362298 -0.049534330463828512 -0.14955406191137316 -0.10826699787435154 0.10695744770855964 0.37505645834123852 0.28791486731458005 
-0.21221883609835024 -0.16844994110130379 0.33106527260004226 0.061511260491535123 0.31255199241387854 0.33686027630216941 0.28754237009182843 -0.49492375578406994 0.16145487498693334 0.33312614246753081 0.10996096407994566 0.046702944209007238 0.35084600416395162 
-0.22720389473776023 -0.51230503104935277 -0.10309097248161467 -0.3251076241358602 0.00037281175998044941 0.14691941400860584 -0.55805532505471245 -0.22509186130335448 -0.21972210716457954 0.18896762558016131 0.22906529391312475 -0.22087993387742172 0.026005047422157625 
-0.18899387914298463 0.14371199213251915 -0.22522126260699757 0.14779886942298689 -0.2181353611840583 0.27279592313121265 0.42180439461583258 -0.059566418319358258 -0.10839224607244499 0.12929258559056928 0.17310037529406555 -0.65200786711306691 -0.28991006647691464 
0.28967872344720941 0.26246494045237256 -0.18204951301742978 0.10808494368001906 -0.47914715807748726 -0.49744648765929322 0.12095255901670182 -0.05690900942528207 -0.32347690591762002 0.099967150697140156 -0.039946240935000724 -0.05781352957440998 -0.43347664488775683 
-0.63964363007867364 0.12269086642951274 -0.40655559739880426 -0.11405417563198571 0.1507230094180799 -0.10757142328934716 0.13467973075820222 -0.41658477375079822 0.089782097243283607 0.36880468029166713 -0.14738350821495597 0.075031671620038806 -0.010356704795988374 
0.20975718673205948 -0.28448807632176543 -0.17859267866877029 0.12935995864165434 -0.1123894450690588 0.4065253206627511 0.24328585069506425 0.50311033809748262 -0.15349940866741899 -0.42314934657869901 0.16359494022054993 -0.040232538540800791 0.32440325603304077 
0.13511561708011705 0.30567047546348414 -0.020874109686034783 -0.49323148516208259 -0.21742958723943795 -0.15919266881339808 0.23168919606753652 -0.29112887886382549 -0.20220298099370185 0.16304332831795626 0.32890748847163231 -0.43501909592906263 -0.26201439448862762 
-0.20640442997597416 -0.48375061882939036 0.34966269839240144 -0.069089775356386052 0.18969599884944291 0.052135874486584126 -0.055280805854433693 -0.35118016675610242 -0.41157268483499898 -0.4586026737992478 -0.093457797367473325 -0.013239516834894362 -0.20649653736318577 
0.086161207367414214 -0.44685595449742266 0.22260602891731412 0.54862590069989337 -0.30059169561495114 -0.11159689928406037 0.17455911551478487 -0.21671504827942664 0.43649558337532535 0.092047897989702102 0.12418121774838008 -0.13540339551422703 0.17131953389731788 
-0.017518128315519119 0.1347959229922501 -0.12610005624227019 0.069205949038202694 -0.54667438655574485 -0.12332888028306904 -0.25495559476832769 -0.19688786026837821 0.025594287663292543 -0.092365973645984603 0.3632653763186186 -0.3878467302286373 -0.50142700752570535 
-0.12624389908125699 0.057023856834852414 0.23653139368525974 -0.6416608079494176 -0.32319676508067224 -0.17591391247256891 -0.292632557465342 -0.10900288592457708 0.052991325681489225 0.24975125843277032 0.21889097447731901 0.27389222345287884 0.30348605929928979 
-0.017741883737419278 -0.32299916855310579 -0.41564602320909511 -0.19949811397358541 -0.54901510172546308 0.047403654983761881 -0.31952730342341762 0.059522894832169375 0.043671117953514485 -0.48057070208865255 -0.086222210429581003 0.17623484738889253 0.046280992441551941 
